<?xml version="1.0" encoding="UTF-8"?>
<project xmlns="http://www.netbeans.org/ns/project/1">
    <type>com.microchip.mplab.nbide.embedded.makeproject</type>
    <configuration>
        <data xmlns="http://www.netbeans.org/ns/make-project/1">
            <name>car_bms_cpp</name>
            <creation-uuid>bf5ffa7d-6225-4ecb-ac21-f3eecbe37c27</creation-uuid>
            <make-project-type>0</make-project-type>
            <c-extensions/>
            <cpp-extensions>cpp</cpp-extensions>
            <header-extensions/>
            <sourceEncoding>ISO-8859-1</sourceEncoding>
            <make-dep-projects>
                <make-dep-project>../../libs/nupp.X</make-dep-project>
            </make-dep-projects>
        </data>
    </configuration>
</project>
