<partinfo>
<authorgroup>
<author>
<firstname>Ralph</firstname>
<surname>Metzler</surname>
<othername role="mi">J. K.</othername>
<affiliation><address><email>rjkm@metzlerbros.de</email></address></affiliation>
</author>
<author>
<firstname>Marcus</firstname>
<surname>Metzler</surname>
<othername role="mi">O. C.</othername>
<affiliation><address><email>rjkm@metzlerbros.de</email></address></affiliation>
</author>
</authorgroup>
<authorgroup>
<author>
<firstname>Mauro</firstname>
<othername role="mi">Carvalho</othername>
<surname>Chehab</surname>
<affiliation><address><email>mchehab@redhat.com</email></address></affiliation>
<contrib>Ported document to Docbook XML.</contrib>
</author>
</authorgroup>
<copyright>
	<year>2002</year>
	<year>2003</year>
	<holder>Convergence GmbH</holder>
</copyright>
<copyright>
	<year>2009-2012</year>
	<holder>Mauro Carvalho Chehab</holder>
</copyright>

<revhistory>
<!-- Put document revisions here, newest first. -->
<revision>
	<revnumber>2.0.4</revnumber>
	<date>2011-05-06</date>
	<authorinitials>mcc</authorinitials>
	<revremark>
		Add more information about DVB APIv5, better describing the frontend GET/SET props ioctl's.
	</revremark>
</revision>
<revision>
	<revnumber>2.0.3</revnumber>
	<date>2010-07-03</date>
	<authorinitials>mcc</authorinitials>
	<revremark>
		Add some frontend capabilities flags, present on kernel, but missing at the specs.
	</revremark>
</revision>
<revision>
	<revnumber>2.0.2</revnumber>
	<date>2009-10-25</date>
	<authorinitials>mcc</authorinitials>
	<revremark>
		documents FE_SET_FRONTEND_TUNE_MODE and FE_DISHETWORK_SEND_LEGACY_CMD ioctls.
	</revremark>
</revision>
<revision>
<revnumber>2.0.1</revnumber>
<date>2009-09-16</date>
<authorinitials>mcc</authorinitials>
<revremark>
Added ISDB-T test originally written by Patrick Boettcher
</revremark>
</revision>
<revision>
<revnumber>2.0.0</revnumber>
<date>2009-09-06</date>
<authorinitials>mcc</authorinitials>
<revremark>Conversion from LaTex to DocBook XML. The
	contents is the same as the original LaTex version.</revremark>
</revision>
<revision>
<revnumber>1.0.0</revnumber>
<date>2003-07-24</date>
<authorinitials>rjkm</authorinitials>
<revremark>Initial revision on LaTEX.</revremark>
</revision>
</revhistory>
</partinfo>


<title>LINUX DVB API</title>
<subtitle>Version 5.10</subtitle>
<!-- ADD THE CHAPTERS HERE -->
  <chapter id="dvb_introdution">
    &sub-intro;
  </chapter>
  <chapter id="dvb_frontend">
    &sub-frontend;
  </chapter>
  <chapter id="dvb_demux">
    &sub-demux;
  </chapter>
  <chapter id="dvb_video">
    &sub-video;
  </chapter>
  <chapter id="dvb_audio">
    &sub-audio;
  </chapter>
  <chapter id="dvb_ca">
    &sub-ca;
  </chapter>
  <chapter id="dvb_net">
    &sub-net;
  </chapter>
  <chapter id="dvb_kdapi">
    &sub-kdapi;
  </chapter>
  <chapter id="dvb_examples">
    &sub-examples;
  </chapter>
<!-- END OF CHAPTERS -->
  <appendix id="audio_h">
    <title>DVB Audio Header File</title>
    &sub-audio-h;
  </appendix>
  <appendix id="ca_h">
    <title>DVB Conditional Access Header File</title>
    &sub-ca-h;
  </appendix>
  <appendix id="dmx_h">
    <title>DVB Demux Header File</title>
    &sub-dmx-h;
  </appendix>
  <appendix id="frontend_h">
    <title>DVB Frontend Header File</title>
    &sub-frontend-h;
  </appendix>
  <appendix id="net_h">
    <title>DVB Network Header File</title>
    &sub-net-h;
  </appendix>
  <appendix id="video_h">
    <title>DVB Video Header File</title>
    &sub-video-h;
  </appendix>

