<?xml version="1.0" encoding="UTF-8"?>
<configurationDescriptor version="62">
  <logicalFolder name="root" displayName="root" projectFiles="true">
    <logicalFolder name="HeaderFiles"
                   displayName="Header Files"
                   projectFiles="true">
      <logicalFolder name="f2" displayName="boost" projectFiles="true">
        <logicalFolder name="f1" displayName="preprocessor" projectFiles="true">
          <itemPath>../include/boost/preprocessor/arithmetic.hpp</itemPath>
          <itemPath>../include/boost/preprocessor/array.hpp</itemPath>
          <itemPath>../include/boost/preprocessor/cat.hpp</itemPath>
          <itemPath>../include/boost/preprocessor/comparison.hpp</itemPath>
          <itemPath>../include/boost/preprocessor/control.hpp</itemPath>
          <itemPath>../include/boost/preprocessor/debug.hpp</itemPath>
          <itemPath>../include/boost/preprocessor/facilities.hpp</itemPath>
          <itemPath>../include/boost/preprocessor/iteration.hpp</itemPath>
          <itemPath>../include/boost/preprocessor/library.hpp</itemPath>
          <itemPath>../include/boost/preprocessor/list.hpp</itemPath>
          <itemPath>../include/boost/preprocessor/logical.hpp</itemPath>
          <itemPath>../include/boost/preprocessor/punctuation.hpp</itemPath>
          <itemPath>../include/boost/preprocessor/repetition.hpp</itemPath>
          <itemPath>../include/boost/preprocessor/selection.hpp</itemPath>
          <itemPath>../include/boost/preprocessor/seq.hpp</itemPath>
          <itemPath>../include/boost/preprocessor/slot.hpp</itemPath>
          <itemPath>../include/boost/preprocessor/stringize.hpp</itemPath>
          <itemPath>../include/boost/preprocessor/tuple.hpp</itemPath>
          <itemPath>../include/boost/preprocessor/variadic.hpp</itemPath>
        </logicalFolder>
        <itemPath>../include/boost/preprocessor.hpp</itemPath>
      </logicalFolder>
      <logicalFolder name="f1" displayName="nu" projectFiles="true">
        <logicalFolder name="f2" displayName="platform" projectFiles="true">
          <logicalFolder name="f2" displayName="generic" projectFiles="true">
            <logicalFolder name="f1" displayName="platform" projectFiles="true">
              <itemPath>../include/platform/generic/nu/platform/param.h</itemPath>
              <itemPath>../include/platform/generic/nu/platform/pinctl.h</itemPath>
            </logicalFolder>
          </logicalFolder>
          <logicalFolder name="f1" displayName="pic32mx" projectFiles="true">
            <logicalFolder name="f1" displayName="platform" projectFiles="true">
              <itemPath>../include/platform/pic32mx/nu/platform/common_pragmas.h</itemPath>
              <itemPath>../include/platform/pic32mx/nu/platform/nu32.h</itemPath>
              <itemPath>../include/platform/pic32mx/nu/platform/nu32_led.h</itemPath>
              <itemPath>../include/platform/pic32mx/nu/platform/nu32_serial.h</itemPath>
              <itemPath>../include/platform/pic32mx/nu/platform/param.h</itemPath>
              <itemPath>../include/platform/pic32mx/nu/platform/pinctl.h</itemPath>
              <itemPath>../include/platform/pic32mx/nu/platform/platform.h</itemPath>
              <itemPath>../include/platform/pic32mx/nu/platform/serial.h</itemPath>
              <itemPath>../include/platform/pic32mx/nu/platform/spi.h</itemPath>
            </logicalFolder>
          </logicalFolder>
        </logicalFolder>
        <logicalFolder name="f1" displayName="utility" projectFiles="true">
          <itemPath>../include/nu/utility/bits.h</itemPath>
          <itemPath>../include/nu/utility/data.h</itemPath>
          <itemPath>../include/nu/utility/preprocessor.h</itemPath>
          <itemPath>../include/nu/utility/static.h</itemPath>
          <itemPath>../include/nu/utility/arith.h</itemPath>
        </logicalFolder>
        <itemPath>../include/nu/ad7685.h</itemPath>
        <itemPath>../include/nu/button.h</itemPath>
        <itemPath>../include/nu/byteorder.h</itemPath>
        <itemPath>../include/nu/can.def</itemPath>
        <itemPath>../include/nu/can.h</itemPath>
        <itemPath>../include/nu/can_addresses.h</itemPath>
        <itemPath>../include/nu/can_all.h</itemPath>
        <itemPath>../include/nu/can_bms.h</itemPath>
        <itemPath>../include/nu/can_common.h</itemPath>
        <itemPath>../include/nu/can_dc.h</itemPath>
        <itemPath>../include/nu/can_mppt.h</itemPath>
        <itemPath>../include/nu/can_steering_wheel.h</itemPath>
        <itemPath>../include/nu/can_ws20.h</itemPath>
        <itemPath>../include/nu/can_ws20_rx.h</itemPath>
        <itemPath>../include/nu/can_ws20_tx.h</itemPath>
        <itemPath>../include/nu/circ_buf.h</itemPath>
        <itemPath>../include/nu/common_pragmas.h</itemPath>
        <itemPath>../include/nu/compiler.h</itemPath>
        <itemPath>../include/nu/crc.h</itemPath>
        <itemPath>../include/nu/Documentation_circular-buffers.txt</itemPath>
        <itemPath>../include/nu/ds18x20.h</itemPath>
        <itemPath>../include/nu/error_reporting.h</itemPath>
        <itemPath>../include/nu/errorcodes.h</itemPath>
        <itemPath>../include/nu/flash.h</itemPath>
        <itemPath>../include/nu/hais50p.h</itemPath>
        <itemPath>../include/nu/led.h</itemPath>
        <itemPath>../include/nu/list.h</itemPath>
        <itemPath>../include/nu/lock.h</itemPath>
        <itemPath>../include/nu/ltc6803.h</itemPath>
        <itemPath>../include/nu/mcp49x2.h</itemPath>
        <itemPath>../include/nu/minunit.h</itemPath>
        <itemPath>../include/nu/mppt_race.h</itemPath>
        <itemPath>../include/nu/nokia5110.h</itemPath>
        <itemPath>../include/nu/nokia5110_debug.h</itemPath>
        <itemPath>../include/nu/onewire.h</itemPath>
        <itemPath>../include/nu/param.h</itemPath>
        <itemPath>../include/nu/pinctl.h</itemPath>
        <itemPath>../include/nu/safestring.h</itemPath>
        <itemPath>../include/nu/serial.h</itemPath>
        <itemPath>../include/nu/spi.h</itemPath>
        <itemPath>../include/nu/timer.h</itemPath>
        <itemPath>../include/nu/utility.h</itemPath>
        <itemPath>../include/nu/wdt.h</itemPath>
        <itemPath>../include/nu/ws20.h</itemPath>
        <itemPath>../include/nu/async_io.h</itemPath>
      </logicalFolder>
    </logicalFolder>
    <logicalFolder name="LinkerScript"
                   displayName="Linker Files"
                   projectFiles="true">
    </logicalFolder>
    <logicalFolder name="SourceFiles"
                   displayName="Source Files"
                   projectFiles="true">
      <logicalFolder name="f1" displayName="platform" projectFiles="true">
        <logicalFolder name="f1" displayName="pic32mx" projectFiles="true">
          <itemPath>../platform/pic32mx/nu/nu32.c</itemPath>
          <itemPath>../platform/pic32mx/nu/nu32_led.c</itemPath>
          <itemPath>../platform/pic32mx/nu/nu32_serial.c</itemPath>
          <itemPath>../platform/pic32mx/nu/serial.c</itemPath>
          <itemPath>../platform/pic32mx/nu/spi.c</itemPath>
        </logicalFolder>
      </logicalFolder>
      <itemPath>../nu/error_reporting.c</itemPath>
      <itemPath>../nu/led.c</itemPath>
      <itemPath>../nu/param.c</itemPath>
      <itemPath>../nu/serial.c</itemPath>
      <itemPath>../nu/spi.c</itemPath>
      <itemPath>../nu/wdt.c</itemPath>
      <itemPath>../nu/nokia5110.c</itemPath>
    </logicalFolder>
    <logicalFolder name="ExternalFiles"
                   displayName="Important Files"
                   projectFiles="false">
      <itemPath>Makefile</itemPath>
    </logicalFolder>
  </logicalFolder>
  <sourceRootList>
    <Elem>../include/platform/generic/nu/platform</Elem>
    <Elem>../include/platform/pic32mx/nu/platform</Elem>
    <Elem>../nu</Elem>
  </sourceRootList>
  <projectmakefile>Makefile</projectmakefile>
  <confs>
    <conf name="default" type="3">
      <toolsSet>
        <developmentServer>localhost</developmentServer>
        <targetDevice>PIC32MX795F512L</targetDevice>
        <targetHeader></targetHeader>
        <targetPluginBoard></targetPluginBoard>
        <platformTool>PICkit3PlatformTool</platformTool>
        <languageToolchain>XC32</languageToolchain>
        <languageToolchainVersion>1.21</languageToolchainVersion>
        <platform>4</platform>
      </toolsSet>
      <compileType>
        <archiverTool>
        </archiverTool>
      </compileType>
      <makeCustomizationType>
        <makeCustomizationPreStepEnabled>false</makeCustomizationPreStepEnabled>
        <makeCustomizationPreStep></makeCustomizationPreStep>
        <makeCustomizationPostStepEnabled>false</makeCustomizationPostStepEnabled>
        <makeCustomizationPostStep></makeCustomizationPostStep>
        <makeCustomizationPutChecksumInUserID>false</makeCustomizationPutChecksumInUserID>
        <makeCustomizationEnableLongLines>false</makeCustomizationEnableLongLines>
        <makeCustomizationNormalizeHexFile>false</makeCustomizationNormalizeHexFile>
      </makeCustomizationType>
      <C32>
        <property key="additional-warnings" value="true"/>
        <property key="enable-app-io" value="false"/>
        <property key="enable-omit-frame-pointer" value="false"/>
        <property key="enable-symbols" value="true"/>
        <property key="enable-unroll-loops" value="true"/>
        <property key="exclude-floating-point" value="true"/>
        <property key="extra-include-directories"
                  value="../include;../include/platform/pic32mx"/>
        <property key="generate-16-bit-code" value="false"/>
        <property key="isolate-each-function" value="true"/>
        <property key="make-warnings-into-errors" value="true"/>
        <property key="optimization-level" value="-O1"/>
        <property key="place-data-into-section" value="true"/>
        <property key="post-instruction-scheduling" value="schedule-insns2"/>
        <property key="pre-instruction-scheduling" value="schedule-insns"/>
        <property key="preprocessor-macros"
                  value="inline=__inline__;__STRICT_ANSI__;IS_NU_LIBRARY"/>
        <property key="strict-ansi" value="false"/>
        <property key="support-ansi" value="false"/>
        <property key="use-cci" value="false"/>
        <property key="use-indirect-calls" value="false"/>
        <appendMe value="-std=gnu89 -ggdb3 -pedantic-errors -Wno-unused-function -Wno-variadic-macros -Werror -Wall -Wextra -Waggregate-return -Wbad-function-cast -Wcast-align -Wcast-qual -Wc++-compat -Wconversion -Wdeclaration-after-statement -Wdouble-promotion -Wfloat-equal -Wformat=2 -Winit-self -Winline -Wlogical-op -Wmissing-include-dirs -Wmissing-prototypes -Wnested-externs -Wpadded -Wpacked -Wpointer-arith -Wredundant-decls -Wshadow -Wstrict-aliasing=2 -Wstrict-overflow=5 -Wstrict-prototypes -Wswitch-default -Wswitch-enum -Wundef -Wuninitialized -Wunreachable-code -Wwrite-strings"/>
      </C32>
      <C32-AS>
        <property key="assembler-symbols" value=""/>
        <property key="enable-symbols" value="true"/>
        <property key="exclude-floating-point-library" value="true"/>
        <property key="expand-macros" value="false"/>
        <property key="extra-include-directories-for-assembler" value=""/>
        <property key="extra-include-directories-for-preprocessor" value=""/>
        <property key="false-conditionals" value="false"/>
        <property key="keep-locals" value="false"/>
        <property key="list-assembly" value="false"/>
        <property key="list-source" value="false"/>
        <property key="list-symbols" value="false"/>
        <property key="oXC32asm-list-to-file" value="false"/>
        <property key="omit-debug-dirs" value="false"/>
        <property key="omit-forms" value="false"/>
        <property key="preprocessor-macros" value=""/>
        <property key="warning-level" value=""/>
      </C32-AS>
      <C32-LD>
        <property key="additional-options-use-response-files" value="false"/>
        <property key="enable-check-sections" value="false"/>
        <property key="exclude-floating-point-library" value="false"/>
        <property key="exclude-standard-libraries" value="false"/>
        <property key="extra-lib-directories" value=""/>
        <property key="generate-16-bit-code" value="false"/>
        <property key="generate-cross-reference-file" value="false"/>
        <property key="heap-size" value=""/>
        <property key="input-libraries" value=""/>
        <property key="linker-symbols" value=""/>
        <property key="map-file" value=""/>
        <property key="no-startup-files" value="false"/>
        <property key="oXC32ld-extra-opts" value=""/>
        <property key="optimization-level" value="-O1"/>
        <property key="preprocessor-macros" value=""/>
        <property key="remove-unused-sections" value="true"/>
        <property key="report-memory-usage" value="false"/>
        <property key="stack-size" value=""/>
        <property key="symbol-stripping" value=""/>
        <property key="trace-symbols" value=""/>
        <property key="warn-section-align" value="false"/>
      </C32-LD>
      <C32CPP>
        <property key="additional-warnings" value="false"/>
        <property key="check-new" value="false"/>
        <property key="eh-specs" value="true"/>
        <property key="enable-app-io" value="false"/>
        <property key="enable-omit-frame-pointer" value="false"/>
        <property key="enable-symbols" value="true"/>
        <property key="enable-unroll-loops" value="false"/>
        <property key="exceptions" value="true"/>
        <property key="exclude-floating-point" value="false"/>
        <property key="extra-include-directories" value=""/>
        <property key="generate-16-bit-code" value="false"/>
        <property key="isolate-each-function" value="false"/>
        <property key="make-warnings-into-errors" value="false"/>
        <property key="optimization-level" value=""/>
        <property key="place-data-into-section" value="false"/>
        <property key="post-instruction-scheduling" value="default"/>
        <property key="pre-instruction-scheduling" value="default"/>
        <property key="preprocessor-macros" value=""/>
        <property key="rtti" value="true"/>
        <property key="strict-ansi" value="false"/>
        <property key="use-cci" value="false"/>
        <property key="use-indirect-calls" value="false"/>
      </C32CPP>
      <C32Global>
        <property key="legacy-libc" value="false"/>
        <property key="save-temps" value="false"/>
      </C32Global>
      <PICkit3PlatformTool>
      </PICkit3PlatformTool>
    </conf>
  </confs>
</configurationDescriptor>
