<?xml version="1.0" encoding="UTF-8"?>
<configurationDescriptor version="62">
  <logicalFolder name="root" displayName="root" projectFiles="true">
    <logicalFolder name="HeaderFiles"
                   displayName="Header Files"
                   projectFiles="true">
    </logicalFolder>
    <logicalFolder name="LinkerScript"
                   displayName="Linker Files"
                   projectFiles="true">
    </logicalFolder>
    <logicalFolder name="SourceFiles"
                   displayName="Source Files"
                   projectFiles="true">
      <itemPath>../../libs/src/can.c</itemPath>
      <itemPath>../../libs/src/crc.c</itemPath>
      <itemPath>../../libs/src/error_reporting.c</itemPath>
      <itemPath>../../libs/src/errorcodes.c</itemPath>
      <itemPath>../../libs/src/led.c</itemPath>
      <itemPath>../../libs/src/nu32.c</itemPath>
      <itemPath>../../libs/src/safestring.c</itemPath>
      <itemPath>../../libs/src/serial.c</itemPath>
      <itemPath>../../libs/src/timer.c</itemPath>
      <itemPath>main.c</itemPath>
    </logicalFolder>
    <logicalFolder name="ExternalFiles"
                   displayName="Important Files"
                   projectFiles="false">
      <itemPath>Makefile</itemPath>
    </logicalFolder>
  </logicalFolder>
  <projectmakefile>Makefile</projectmakefile>
  <confs>
    <conf name="default" type="2">
      <toolsSet>
        <developmentServer>localhost</developmentServer>
        <targetDevice>PIC32MX795F512L</targetDevice>
        <targetHeader></targetHeader>
        <platformTool>PICkit3PlatformTool</platformTool>
        <languageToolchain>C32</languageToolchain>
        <languageToolchainVersion>2.01</languageToolchainVersion>
        <platform>3</platform>
      </toolsSet>
      <compileType>
        <linkerTool>
          <linkerLibItems>
          </linkerLibItems>
        </linkerTool>
        <loading>
          <useAlternateLoadableFile>false</useAlternateLoadableFile>
          <alternateLoadableFile></alternateLoadableFile>
        </loading>
      </compileType>
      <makeCustomizationType>
        <makeCustomizationPreStepEnabled>false</makeCustomizationPreStepEnabled>
        <makeCustomizationPreStep></makeCustomizationPreStep>
        <makeCustomizationPostStepEnabled>false</makeCustomizationPostStepEnabled>
        <makeCustomizationPostStep></makeCustomizationPostStep>
        <makeCustomizationPutChecksumInUserID>false</makeCustomizationPutChecksumInUserID>
        <makeCustomizationEnableLongLines>false</makeCustomizationEnableLongLines>
        <makeCustomizationNormalizeHexFile>false</makeCustomizationNormalizeHexFile>
      </makeCustomizationType>
      <C32>
        <property key="additional-warnings" value="false"/>
        <property key="enable-app-io" value="false"/>
        <property key="enable-omit-frame-pointer" value="false"/>
        <property key="enable-symbols" value="true"/>
        <property key="enable-unroll-loops" value="false"/>
        <property key="exclude-floating-point" value="false"/>
        <property key="extra-include-directories" value="../../libs/include/"/>
        <property key="generate-16-bit-code" value="false"/>
        <property key="isolate-each-function" value="false"/>
        <property key="make-warnings-into-errors" value="false"/>
        <property key="optimization-level" value=""/>
        <property key="place-data-into-section" value="false"/>
        <property key="post-instruction-scheduling" value="default"/>
        <property key="pre-instruction-scheduling" value="default"/>
        <property key="preprocessor-macros" value=""/>
        <property key="strict-ansi" value="false"/>
        <property key="support-ansi" value="false"/>
        <property key="use-indirect-calls" value="false"/>
        <appendMe value="-fno-common -Wall -Wextra -Wno-missing-braces -Wno-missing-field-initializers -Waggregate-return -Wbad-function-cast -Wcast-align -Wcast-qual  -Wchar-subscripts -Wcomment -Wconversion -Wdeclaration-after-statement -Wdisabled-optimization -Wfloat-equal -Wformat=2 -Wimport -Winit-self -Winline -Winvalid-pch -Wjump-misses-init -Wunsafe-loop-optimizations -Wlogical-op -Wlong-long -Wmissing-declarations -Wmissing-format-attribute -Wmissing-include-dirs -Wmissing-noreturn -Wmissing-prototypes -Wnested-externs -Wold-style-definition -Wpointer-arith -Wshadow -Wstack-protector -Wstrict-prototypes -Wswitch-default -Wswitch-enum -Wsync-nand  -Wundef -Wuninitialized -Wunreachable-code -Wvariadic-macros -Wvolatile-register-var  -Wwrite-strings "/>
      </C32>
      <C32-AS>
      </C32-AS>
      <C32-LD>
      </C32-LD>
      <C32Global>
      </C32Global>
      <PICkit3PlatformTool>
      </PICkit3PlatformTool>
    </conf>
  </confs>
</configurationDescriptor>
