    <refentry id="pixfmt-srggb10dpcm8">
      <refmeta>
	<refentrytitle>
	 V4L2_PIX_FMT_SBGGR10DPCM8 ('bBA8'),
	 V4L2_PIX_FMT_SGBRG10DPCM8 ('bGA8'),
	 V4L2_PIX_FMT_SGRBG10DPCM8 ('BD10'),
	 V4L2_PIX_FMT_SRGGB10DPCM8 ('bRA8'),
	 </refentrytitle>
	&manvol;
      </refmeta>
      <refnamediv>
	<refname id="V4L2-PIX-FMT-SBGGR10DPCM8"><constant>V4L2_PIX_FMT_SBGGR10DPCM8</constant></refname>
	<refname id="V4L2-PIX-FMT-SGBRG10DPCM8"><constant>V4L2_PIX_FMT_SGBRG10DPCM8</constant></refname>
	<refname id="V4L2-PIX-FMT-SGRBG10DPCM8"><constant>V4L2_PIX_FMT_SGRBG10DPCM8</constant></refname>
	<refname id="V4L2-PIX-FMT-SRGGB10DPCM8"><constant>V4L2_PIX_FMT_SRGGB10DPCM8</constant></refname>
	<refpurpose>10-bit Bayer formats compressed to 8 bits</refpurpose>
      </refnamediv>
      <refsect1>
	<title>Description</title>

	<para>The following four pixel formats are raw sRGB / Bayer formats
	with 10 bits per colour compressed to 8 bits each, using DPCM
	compression. DPCM, differential pulse-code modulation, is lossy.
	Each colour component consumes 8 bits of memory. In other respects
	this format is similar to <xref linkend="pixfmt-srggb10" />.</para>

      </refsect1>
    </refentry>
