	<refentry>
	  <refmeta>
	    <refentrytitle>
	      V4L2_PIX_FMT_SBGGR10ALAW8 ('aBA8'),
	      V4L2_PIX_FMT_SGBRG10ALAW8 ('aGA8'),
	      V4L2_PIX_FMT_SGRBG10ALAW8 ('agA8'),
	      V4L2_PIX_FMT_SRGGB10ALAW8 ('aRA8'),
	    </refentrytitle>
	    &manvol;
	  </refmeta>
	  <refnamediv>
	    <refname id="V4L2-PIX-FMT-SBGGR10ALAW8">
	      <constant>V4L2_PIX_FMT_SBGGR10ALAW8</constant>
	    </refname>
	    <refname id="V4L2-PIX-FMT-SGBRG10ALAW8">
	      <constant>V4L2_PIX_FMT_SGBRG10ALAW8</constant>
	    </refname>
	    <refname id="V4L2-PIX-FMT-SGRBG10ALAW8">
	      <constant>V4L2_PIX_FMT_SGRBG10ALAW8</constant>
	    </refname>
	    <refname id="V4L2-PIX-FMT-SRGGB10ALAW8">
	      <constant>V4L2_PIX_FMT_SRGGB10ALAW8</constant>
	    </refname>
	    <refpurpose>10-bit Bayer formats compressed to 8 bits</refpurpose>
	  </refnamediv>
	  <refsect1>
	    <title>Description</title>
	    <para>The following four pixel formats are raw sRGB / Bayer
	    formats with 10 bits per color compressed to 8 bits each,
	    using the A-LAW algorithm. Each color component consumes 8
	    bits of memory. In other respects this format is similar to
	    <xref linkend="V4L2-PIX-FMT-SRGGB8"></xref>.</para>
	  </refsect1>
	</refentry>
