<section id="v4l2-mbus-format">
  <title>Media Bus Formats</title>

  <table pgwide="1" frame="none" id="v4l2-mbus-framefmt">
    <title>struct <structname>v4l2_mbus_framefmt</structname></title>
    <tgroup cols="3">
      &cs-str;
      <tbody valign="top">
	<row>
	  <entry>__u32</entry>
	  <entry><structfield>width</structfield></entry>
	  <entry>Image width, in pixels.</entry>
	</row>
	<row>
	  <entry>__u32</entry>
	  <entry><structfield>height</structfield></entry>
	  <entry>Image height, in pixels.</entry>
	</row>
	<row>
	  <entry>__u32</entry>
	  <entry><structfield>code</structfield></entry>
	  <entry>Format code, from &v4l2-mbus-pixelcode;.</entry>
	</row>
	<row>
	  <entry>__u32</entry>
	  <entry><structfield>field</structfield></entry>
	  <entry>Field order, from &v4l2-field;. See
	  <xref linkend="field-order" /> for details.</entry>
	</row>
	<row>
	  <entry>__u32</entry>
	  <entry><structfield>colorspace</structfield></entry>
	  <entry>Image colorspace, from &v4l2-colorspace;. See
	  <xref linkend="colorspaces" /> for details.</entry>
	</row>
	<row>
	  <entry>__u32</entry>
	  <entry><structfield>reserved</structfield>[7]</entry>
	  <entry>Reserved for future extensions. Applications and drivers must
	  set the array to zero.</entry>
	</row>
      </tbody>
    </tgroup>
  </table>

  <section id="v4l2-mbus-pixelcode">
    <title>Media Bus Pixel Codes</title>

    <para>The media bus pixel codes describe image formats as flowing over
    physical busses (both between separate physical components and inside SoC
    devices). This should not be confused with the V4L2 pixel formats that
    describe, using four character codes, image formats as stored in memory.
    </para>

    <para>While there is a relationship between image formats on busses and
    image formats in memory (a raw Bayer image won't be magically converted to
    JPEG just by storing it to memory), there is no one-to-one correspondance
    between them.</para>

    <section>
      <title>Packed RGB Formats</title>

      <para>Those formats transfer pixel data as red, green and blue components.
      The format code is made of the following information.
      <itemizedlist>
	<listitem><para>The red, green and blue components order code, as encoded in a
	pixel sample. Possible values are RGB and BGR.</para></listitem>
	<listitem><para>The number of bits per component, for each component. The values
	can be different for all components. Common values are 555 and 565.</para>
	</listitem>
	<listitem><para>The number of bus samples per pixel. Pixels that are wider than
	the bus width must be transferred in multiple samples. Common values are
	1 and 2.</para></listitem>
	<listitem><para>The bus width.</para></listitem>
	<listitem><para>For formats where the total number of bits per pixel is smaller
	than the number of bus samples per pixel times the bus width, a padding
	value stating if the bytes are padded in their most high order bits
	(PADHI) or low order bits (PADLO).</para></listitem>
	<listitem><para>For formats where the number of bus samples per pixel is larger
	than 1, an endianness value stating if the pixel is transferred MSB first
	(BE) or LSB first (LE).</para></listitem>
      </itemizedlist>
      </para>

      <para>For instance, a format where pixels are encoded as 5-bits red, 5-bits
      green and 5-bit blue values padded on the high bit, transferred as 2 8-bit
      samples per pixel with the most significant bits (padding, red and half of
      the green value) transferred first will be named
      <constant>V4L2_MBUS_FMT_RGB555_2X8_PADHI_BE</constant>.
      </para>

      <para>The following tables list existing packet RGB formats.</para>

      <table pgwide="0" frame="none" id="v4l2-mbus-pixelcode-rgb">
	<title>RGB formats</title>
	<tgroup cols="27">
	  <colspec colname="id" align="left" />
	  <colspec colname="code" align="center"/>
	  <colspec colname="bit" />
	  <colspec colnum="4" colname="b23" align="center" />
	  <colspec colnum="5" colname="b22" align="center" />
	  <colspec colnum="6" colname="b21" align="center" />
	  <colspec colnum="7" colname="b20" align="center" />
	  <colspec colnum="8" colname="b19" align="center" />
	  <colspec colnum="9" colname="b18" align="center" />
	  <colspec colnum="10" colname="b17" align="center" />
	  <colspec colnum="11" colname="b16" align="center" />
	  <colspec colnum="12" colname="b15" align="center" />
	  <colspec colnum="13" colname="b14" align="center" />
	  <colspec colnum="14" colname="b13" align="center" />
	  <colspec colnum="15" colname="b12" align="center" />
	  <colspec colnum="16" colname="b11" align="center" />
	  <colspec colnum="17" colname="b10" align="center" />
	  <colspec colnum="18" colname="b09" align="center" />
	  <colspec colnum="19" colname="b08" align="center" />
	  <colspec colnum="20" colname="b07" align="center" />
	  <colspec colnum="21" colname="b06" align="center" />
	  <colspec colnum="22" colname="b05" align="center" />
	  <colspec colnum="23" colname="b04" align="center" />
	  <colspec colnum="24" colname="b03" align="center" />
	  <colspec colnum="25" colname="b02" align="center" />
	  <colspec colnum="26" colname="b01" align="center" />
	  <colspec colnum="27" colname="b00" align="center" />
	  <spanspec namest="b23" nameend="b00" spanname="b0" />
	  <thead>
	    <row>
	      <entry>Identifier</entry>
	      <entry>Code</entry>
	      <entry></entry>
	      <entry spanname="b0">Data organization</entry>
	    </row>
	    <row>
	      <entry></entry>
	      <entry></entry>
	      <entry>Bit</entry>
	      <entry>23</entry>
	      <entry>22</entry>
	      <entry>21</entry>
	      <entry>20</entry>
	      <entry>19</entry>
	      <entry>18</entry>
	      <entry>17</entry>
	      <entry>16</entry>
	      <entry>15</entry>
	      <entry>14</entry>
	      <entry>13</entry>
	      <entry>12</entry>
	      <entry>11</entry>
	      <entry>10</entry>
	      <entry>9</entry>
	      <entry>8</entry>
	      <entry>7</entry>
	      <entry>6</entry>
	      <entry>5</entry>
	      <entry>4</entry>
	      <entry>3</entry>
	      <entry>2</entry>
	      <entry>1</entry>
	      <entry>0</entry>
	    </row>
	  </thead>
	  <tbody valign="top">
	    <row id="V4L2-MBUS-FMT-RGB444-2X8-PADHI-BE">
	      <entry>V4L2_MBUS_FMT_RGB444_2X8_PADHI_BE</entry>
	      <entry>0x1001</entry>
	      <entry></entry>
	      &dash-ent-16;
	      <entry>0</entry>
	      <entry>0</entry>
	      <entry>0</entry>
	      <entry>0</entry>
	      <entry>r<subscript>3</subscript></entry>
	      <entry>r<subscript>2</subscript></entry>
	      <entry>r<subscript>1</subscript></entry>
	      <entry>r<subscript>0</subscript></entry>
	    </row>
	    <row>
	      <entry></entry>
	      <entry></entry>
	      <entry></entry>
	      &dash-ent-16;
	      <entry>g<subscript>3</subscript></entry>
	      <entry>g<subscript>2</subscript></entry>
	      <entry>g<subscript>1</subscript></entry>
	      <entry>g<subscript>0</subscript></entry>
	      <entry>b<subscript>3</subscript></entry>
	      <entry>b<subscript>2</subscript></entry>
	      <entry>b<subscript>1</subscript></entry>
	      <entry>b<subscript>0</subscript></entry>
	    </row>
	    <row id="V4L2-MBUS-FMT-RGB444-2X8-PADHI-LE">
	      <entry>V4L2_MBUS_FMT_RGB444_2X8_PADHI_LE</entry>
	      <entry>0x1002</entry>
	      <entry></entry>
	      &dash-ent-16;
	      <entry>g<subscript>3</subscript></entry>
	      <entry>g<subscript>2</subscript></entry>
	      <entry>g<subscript>1</subscript></entry>
	      <entry>g<subscript>0</subscript></entry>
	      <entry>b<subscript>3</subscript></entry>
	      <entry>b<subscript>2</subscript></entry>
	      <entry>b<subscript>1</subscript></entry>
	      <entry>b<subscript>0</subscript></entry>
	    </row>
	    <row>
	      <entry></entry>
	      <entry></entry>
	      <entry></entry>
	      &dash-ent-16;
	      <entry>0</entry>
	      <entry>0</entry>
	      <entry>0</entry>
	      <entry>0</entry>
	      <entry>r<subscript>3</subscript></entry>
	      <entry>r<subscript>2</subscript></entry>
	      <entry>r<subscript>1</subscript></entry>
	      <entry>r<subscript>0</subscript></entry>
	    </row>
	    <row id="V4L2-MBUS-FMT-RGB555-2X8-PADHI-BE">
	      <entry>V4L2_MBUS_FMT_RGB555_2X8_PADHI_BE</entry>
	      <entry>0x1003</entry>
	      <entry></entry>
	      &dash-ent-16;
	      <entry>0</entry>
	      <entry>r<subscript>4</subscript></entry>
	      <entry>r<subscript>3</subscript></entry>
	      <entry>r<subscript>2</subscript></entry>
	      <entry>r<subscript>1</subscript></entry>
	      <entry>r<subscript>0</subscript></entry>
	      <entry>g<subscript>4</subscript></entry>
	      <entry>g<subscript>3</subscript></entry>
	    </row>
	    <row>
	      <entry></entry>
	      <entry></entry>
	      <entry></entry>
	      &dash-ent-16;
	      <entry>g<subscript>2</subscript></entry>
	      <entry>g<subscript>1</subscript></entry>
	      <entry>g<subscript>0</subscript></entry>
	      <entry>b<subscript>4</subscript></entry>
	      <entry>b<subscript>3</subscript></entry>
	      <entry>b<subscript>2</subscript></entry>
	      <entry>b<subscript>1</subscript></entry>
	      <entry>b<subscript>0</subscript></entry>
	    </row>
	    <row id="V4L2-MBUS-FMT-RGB555-2X8-PADHI-LE">
	      <entry>V4L2_MBUS_FMT_RGB555_2X8_PADHI_LE</entry>
	      <entry>0x1004</entry>
	      <entry></entry>
	      &dash-ent-16;
	      <entry>g<subscript>2</subscript></entry>
	      <entry>g<subscript>1</subscript></entry>
	      <entry>g<subscript>0</subscript></entry>
	      <entry>b<subscript>4</subscript></entry>
	      <entry>b<subscript>3</subscript></entry>
	      <entry>b<subscript>2</subscript></entry>
	      <entry>b<subscript>1</subscript></entry>
	      <entry>b<subscript>0</subscript></entry>
	    </row>
	    <row>
	      <entry></entry>
	      <entry></entry>
	      <entry></entry>
	      &dash-ent-16;
	      <entry>0</entry>
	      <entry>r<subscript>4</subscript></entry>
	      <entry>r<subscript>3</subscript></entry>
	      <entry>r<subscript>2</subscript></entry>
	      <entry>r<subscript>1</subscript></entry>
	      <entry>r<subscript>0</subscript></entry>
	      <entry>g<subscript>4</subscript></entry>
	      <entry>g<subscript>3</subscript></entry>
	    </row>
	    <row id="V4L2-MBUS-FMT-BGR565-2X8-BE">
	      <entry>V4L2_MBUS_FMT_BGR565_2X8_BE</entry>
	      <entry>0x1005</entry>
	      <entry></entry>
	      &dash-ent-16;
	      <entry>b<subscript>4</subscript></entry>
	      <entry>b<subscript>3</subscript></entry>
	      <entry>b<subscript>2</subscript></entry>
	      <entry>b<subscript>1</subscript></entry>
	      <entry>b<subscript>0</subscript></entry>
	      <entry>g<subscript>5</subscript></entry>
	      <entry>g<subscript>4</subscript></entry>
	      <entry>g<subscript>3</subscript></entry>
	    </row>
	    <row>
	      <entry></entry>
	      <entry></entry>
	      <entry></entry>
	      &dash-ent-16;
	      <entry>g<subscript>2</subscript></entry>
	      <entry>g<subscript>1</subscript></entry>
	      <entry>g<subscript>0</subscript></entry>
	      <entry>r<subscript>4</subscript></entry>
	      <entry>r<subscript>3</subscript></entry>
	      <entry>r<subscript>2</subscript></entry>
	      <entry>r<subscript>1</subscript></entry>
	      <entry>r<subscript>0</subscript></entry>
	    </row>
	    <row id="V4L2-MBUS-FMT-BGR565-2X8-LE">
	      <entry>V4L2_MBUS_FMT_BGR565_2X8_LE</entry>
	      <entry>0x1006</entry>
	      <entry></entry>
	      &dash-ent-16;
	      <entry>g<subscript>2</subscript></entry>
	      <entry>g<subscript>1</subscript></entry>
	      <entry>g<subscript>0</subscript></entry>
	      <entry>r<subscript>4</subscript></entry>
	      <entry>r<subscript>3</subscript></entry>
	      <entry>r<subscript>2</subscript></entry>
	      <entry>r<subscript>1</subscript></entry>
	      <entry>r<subscript>0</subscript></entry>
	    </row>
	    <row>
	      <entry></entry>
	      <entry></entry>
	      <entry></entry>
	      &dash-ent-16;
	      <entry>b<subscript>4</subscript></entry>
	      <entry>b<subscript>3</subscript></entry>
	      <entry>b<subscript>2</subscript></entry>
	      <entry>b<subscript>1</subscript></entry>
	      <entry>b<subscript>0</subscript></entry>
	      <entry>g<subscript>5</subscript></entry>
	      <entry>g<subscript>4</subscript></entry>
	      <entry>g<subscript>3</subscript></entry>
	    </row>
	    <row id="V4L2-MBUS-FMT-RGB565-2X8-BE">
	      <entry>V4L2_MBUS_FMT_RGB565_2X8_BE</entry>
	      <entry>0x1007</entry>
	      <entry></entry>
	      &dash-ent-16;
	      <entry>r<subscript>4</subscript></entry>
	      <entry>r<subscript>3</subscript></entry>
	      <entry>r<subscript>2</subscript></entry>
	      <entry>r<subscript>1</subscript></entry>
	      <entry>r<subscript>0</subscript></entry>
	      <entry>g<subscript>5</subscript></entry>
	      <entry>g<subscript>4</subscript></entry>
	      <entry>g<subscript>3</subscript></entry>
	    </row>
	    <row>
	      <entry></entry>
	      <entry></entry>
	      <entry></entry>
	      &dash-ent-16;
	      <entry>g<subscript>2</subscript></entry>
	      <entry>g<subscript>1</subscript></entry>
	      <entry>g<subscript>0</subscript></entry>
	      <entry>b<subscript>4</subscript></entry>
	      <entry>b<subscript>3</subscript></entry>
	      <entry>b<subscript>2</subscript></entry>
	      <entry>b<subscript>1</subscript></entry>
	      <entry>b<subscript>0</subscript></entry>
	    </row>
	    <row id="V4L2-MBUS-FMT-RGB565-2X8-LE">
	      <entry>V4L2_MBUS_FMT_RGB565_2X8_LE</entry>
	      <entry>0x1008</entry>
	      <entry></entry>
	      &dash-ent-16;
	      <entry>g<subscript>2</subscript></entry>
	      <entry>g<subscript>1</subscript></entry>
	      <entry>g<subscript>0</subscript></entry>
	      <entry>b<subscript>4</subscript></entry>
	      <entry>b<subscript>3</subscript></entry>
	      <entry>b<subscript>2</subscript></entry>
	      <entry>b<subscript>1</subscript></entry>
	      <entry>b<subscript>0</subscript></entry>
	    </row>
	    <row>
	      <entry></entry>
	      <entry></entry>
	      <entry></entry>
	      &dash-ent-16;
	      <entry>r<subscript>4</subscript></entry>
	      <entry>r<subscript>3</subscript></entry>
	      <entry>r<subscript>2</subscript></entry>
	      <entry>r<subscript>1</subscript></entry>
	      <entry>r<subscript>0</subscript></entry>
	      <entry>g<subscript>5</subscript></entry>
	      <entry>g<subscript>4</subscript></entry>
	      <entry>g<subscript>3</subscript></entry>
	    </row>
	    <row id="V4L2-MBUS-FMT-RGB666-1X18">
	      <entry>V4L2_MBUS_FMT_RGB666_1X18</entry>
	      <entry>0x1009</entry>
	      <entry></entry>
	      <entry>-</entry>
	      <entry>-</entry>
	      <entry>-</entry>
	      <entry>-</entry>
	      <entry>-</entry>
	      <entry>-</entry>
	      <entry>r<subscript>5</subscript></entry>
	      <entry>r<subscript>4</subscript></entry>
	      <entry>r<subscript>3</subscript></entry>
	      <entry>r<subscript>2</subscript></entry>
	      <entry>r<subscript>1</subscript></entry>
	      <entry>r<subscript>0</subscript></entry>
	      <entry>g<subscript>5</subscript></entry>
	      <entry>g<subscript>4</subscript></entry>
	      <entry>g<subscript>3</subscript></entry>
	      <entry>g<subscript>2</subscript></entry>
	      <entry>g<subscript>1</subscript></entry>
	      <entry>g<subscript>0</subscript></entry>
	      <entry>b<subscript>5</subscript></entry>
	      <entry>b<subscript>4</subscript></entry>
	      <entry>b<subscript>3</subscript></entry>
	      <entry>b<subscript>2</subscript></entry>
	      <entry>b<subscript>1</subscript></entry>
	      <entry>b<subscript>0</subscript></entry>
	    </row>
	    <row id="V4L2-MBUS-FMT-RGB888-1X24">
	      <entry>V4L2_MBUS_FMT_RGB888_1X24</entry>
	      <entry>0x100a</entry>
	      <entry></entry>
	      <entry>r<subscript>7</subscript></entry>
	      <entry>r<subscript>6</subscript></entry>
	      <entry>r<subscript>5</subscript></entry>
	      <entry>r<subscript>4</subscript></entry>
	      <entry>r<subscript>3</subscript></entry>
	      <entry>r<subscript>2</subscript></entry>
	      <entry>r<subscript>1</subscript></entry>
	      <entry>r<subscript>0</subscript></entry>
	      <entry>g<subscript>7</subscript></entry>
	      <entry>g<subscript>6</subscript></entry>
	      <entry>g<subscript>5</subscript></entry>
	      <entry>g<subscript>4</subscript></entry>
	      <entry>g<subscript>3</subscript></entry>
	      <entry>g<subscript>2</subscript></entry>
	      <entry>g<subscript>1</subscript></entry>
	      <entry>g<subscript>0</subscript></entry>
	      <entry>b<subscript>7</subscript></entry>
	      <entry>b<subscript>6</subscript></entry>
	      <entry>b<subscript>5</subscript></entry>
	      <entry>b<subscript>4</subscript></entry>
	      <entry>b<subscript>3</subscript></entry>
	      <entry>b<subscript>2</subscript></entry>
	      <entry>b<subscript>1</subscript></entry>
	      <entry>b<subscript>0</subscript></entry>
	    </row>
	    <row id="V4L2-MBUS-FMT-RGB888-2X12-BE">
	      <entry>V4L2_MBUS_FMT_RGB888_2X12_BE</entry>
	      <entry>0x100b</entry>
	      <entry></entry>
	      &dash-ent-10;
	      <entry>-</entry>
	      <entry>-</entry>
	      <entry>r<subscript>7</subscript></entry>
	      <entry>r<subscript>6</subscript></entry>
	      <entry>r<subscript>5</subscript></entry>
	      <entry>r<subscript>4</subscript></entry>
	      <entry>r<subscript>3</subscript></entry>
	      <entry>r<subscript>2</subscript></entry>
	      <entry>r<subscript>1</subscript></entry>
	      <entry>r<subscript>0</subscript></entry>
	      <entry>g<subscript>7</subscript></entry>
	      <entry>g<subscript>6</subscript></entry>
	      <entry>g<subscript>5</subscript></entry>
	      <entry>g<subscript>4</subscript></entry>
	    </row>
	    <row>
	      <entry></entry>
	      <entry></entry>
	      <entry></entry>
	      &dash-ent-10;
	      <entry>-</entry>
	      <entry>-</entry>
	      <entry>g<subscript>3</subscript></entry>
	      <entry>g<subscript>2</subscript></entry>
	      <entry>g<subscript>1</subscript></entry>
	      <entry>g<subscript>0</subscript></entry>
	      <entry>b<subscript>7</subscript></entry>
	      <entry>b<subscript>6</subscript></entry>
	      <entry>b<subscript>5</subscript></entry>
	      <entry>b<subscript>4</subscript></entry>
	      <entry>b<subscript>3</subscript></entry>
	      <entry>b<subscript>2</subscript></entry>
	      <entry>b<subscript>1</subscript></entry>
	      <entry>b<subscript>0</subscript></entry>
	    </row>
	    <row id="V4L2-MBUS-FMT-RGB888-2X12-LE">
	      <entry>V4L2_MBUS_FMT_RGB888_2X12_LE</entry>
	      <entry>0x100c</entry>
	      <entry></entry>
	      &dash-ent-10;
	      <entry>-</entry>
	      <entry>-</entry>
	      <entry>g<subscript>3</subscript></entry>
	      <entry>g<subscript>2</subscript></entry>
	      <entry>g<subscript>1</subscript></entry>
	      <entry>g<subscript>0</subscript></entry>
	      <entry>b<subscript>7</subscript></entry>
	      <entry>b<subscript>6</subscript></entry>
	      <entry>b<subscript>5</subscript></entry>
	      <entry>b<subscript>4</subscript></entry>
	      <entry>b<subscript>3</subscript></entry>
	      <entry>b<subscript>2</subscript></entry>
	      <entry>b<subscript>1</subscript></entry>
	      <entry>b<subscript>0</subscript></entry>
	    </row>
	    <row>
	      <entry></entry>
	      <entry></entry>
	      <entry></entry>
	      &dash-ent-10;
	      <entry>-</entry>
	      <entry>-</entry>
	      <entry>r<subscript>7</subscript></entry>
	      <entry>r<subscript>6</subscript></entry>
	      <entry>r<subscript>5</subscript></entry>
	      <entry>r<subscript>4</subscript></entry>
	      <entry>r<subscript>3</subscript></entry>
	      <entry>r<subscript>2</subscript></entry>
	      <entry>r<subscript>1</subscript></entry>
	      <entry>r<subscript>0</subscript></entry>
	      <entry>g<subscript>7</subscript></entry>
	      <entry>g<subscript>6</subscript></entry>
	      <entry>g<subscript>5</subscript></entry>
	      <entry>g<subscript>4</subscript></entry>
	    </row>
	  </tbody>
	</tgroup>
      </table>
    </section>

    <section>
      <title>Bayer Formats</title>

      <para>Those formats transfer pixel data as red, green and blue components.
      The format code is made of the following information.
      <itemizedlist>
	<listitem><para>The red, green and blue components order code, as encoded in a
	pixel sample. The possible values are shown in <xref
	linkend="bayer-patterns" />.</para></listitem>
	<listitem><para>The number of bits per pixel component. All components are
	transferred on the same number of bits. Common values are 8, 10 and 12.</para>
	</listitem>
	<listitem><para>The compression (optional). If the pixel components are
	ALAW- or DPCM-compressed, a mention of the compression scheme and the
	number of bits per compressed pixel component.</para></listitem>
	<listitem><para>The number of bus samples per pixel. Pixels that are wider than
	the bus width must be transferred in multiple samples. Common values are
	1 and 2.</para></listitem>
	<listitem><para>The bus width.</para></listitem>
	<listitem><para>For formats where the total number of bits per pixel is smaller
	than the number of bus samples per pixel times the bus width, a padding
	value stating if the bytes are padded in their most high order bits
	(PADHI) or low order bits (PADLO).</para></listitem>
	<listitem><para>For formats where the number of bus samples per pixel is larger
	than 1, an endianness value stating if the pixel is transferred MSB first
	(BE) or LSB first (LE).</para></listitem>
      </itemizedlist>
      </para>

      <para>For instance, a format with uncompressed 10-bit Bayer components
      arranged in a red, green, green, blue pattern transferred as 2 8-bit
      samples per pixel with the least significant bits transferred first will
      be named <constant>V4L2_MBUS_FMT_SRGGB10_2X8_PADHI_LE</constant>.
      </para>

      <figure id="bayer-patterns">
	<title>Bayer Patterns</title>
	<mediaobject>
	  <imageobject>
	    <imagedata fileref="bayer.png" format="PNG" />
	  </imageobject>
	  <textobject>
	    <phrase>Bayer filter color patterns</phrase>
	  </textobject>
	</mediaobject>
      </figure>

      <para>The following table lists existing packet Bayer formats. The data
      organization is given as an example for the first pixel only.</para>

      <table pgwide="0" frame="none" id="v4l2-mbus-pixelcode-bayer">
	<title>Bayer Formats</title>
	<tgroup cols="15">
	  <colspec colname="id" align="left" />
	  <colspec colname="code" align="center"/>
	  <colspec colname="bit" />
	  <colspec colnum="4" colname="b11" align="center" />
	  <colspec colnum="5" colname="b10" align="center" />
	  <colspec colnum="6" colname="b09" align="center" />
	  <colspec colnum="7" colname="b08" align="center" />
	  <colspec colnum="8" colname="b07" align="center" />
	  <colspec colnum="9" colname="b06" align="center" />
	  <colspec colnum="10" colname="b05" align="center" />
	  <colspec colnum="11" colname="b04" align="center" />
	  <colspec colnum="12" colname="b03" align="center" />
	  <colspec colnum="13" colname="b02" align="center" />
	  <colspec colnum="14" colname="b01" align="center" />
	  <colspec colnum="15" colname="b00" align="center" />
	  <spanspec namest="b11" nameend="b00" spanname="b0" />
	  <thead>
	    <row>
	      <entry>Identifier</entry>
	      <entry>Code</entry>
	      <entry></entry>
	      <entry spanname="b0">Data organization</entry>
	    </row>
	    <row>
	      <entry></entry>
	      <entry></entry>
	      <entry>Bit</entry>
	      <entry>11</entry>
	      <entry>10</entry>
	      <entry>9</entry>
	      <entry>8</entry>
	      <entry>7</entry>
	      <entry>6</entry>
	      <entry>5</entry>
	      <entry>4</entry>
	      <entry>3</entry>
	      <entry>2</entry>
	      <entry>1</entry>
	      <entry>0</entry>
	    </row>
	  </thead>
	  <tbody valign="top">
	    <row id="V4L2-MBUS-FMT-SBGGR8-1X8">
	      <entry>V4L2_MBUS_FMT_SBGGR8_1X8</entry>
	      <entry>0x3001</entry>
	      <entry></entry>
	      <entry>-</entry>
	      <entry>-</entry>
	      <entry>-</entry>
	      <entry>-</entry>
	      <entry>b<subscript>7</subscript></entry>
	      <entry>b<subscript>6</subscript></entry>
	      <entry>b<subscript>5</subscript></entry>
	      <entry>b<subscript>4</subscript></entry>
	      <entry>b<subscript>3</subscript></entry>
	      <entry>b<subscript>2</subscript></entry>
	      <entry>b<subscript>1</subscript></entry>
	      <entry>b<subscript>0</subscript></entry>
	    </row>
	    <row id="V4L2-MBUS-FMT-SGBRG8-1X8">
	      <entry>V4L2_MBUS_FMT_SGBRG8_1X8</entry>
	      <entry>0x3013</entry>
	      <entry></entry>
	      <entry>-</entry>
	      <entry>-</entry>
	      <entry>-</entry>
	      <entry>-</entry>
	      <entry>g<subscript>7</subscript></entry>
	      <entry>g<subscript>6</subscript></entry>
	      <entry>g<subscript>5</subscript></entry>
	      <entry>g<subscript>4</subscript></entry>
	      <entry>g<subscript>3</subscript></entry>
	      <entry>g<subscript>2</subscript></entry>
	      <entry>g<subscript>1</subscript></entry>
	      <entry>g<subscript>0</subscript></entry>
	    </row>
	    <row id="V4L2-MBUS-FMT-SGRBG8-1X8">
	      <entry>V4L2_MBUS_FMT_SGRBG8_1X8</entry>
	      <entry>0x3002</entry>
	      <entry></entry>
	      <entry>-</entry>
	      <entry>-</entry>
	      <entry>-</entry>
	      <entry>-</entry>
	      <entry>g<subscript>7</subscript></entry>
	      <entry>g<subscript>6</subscript></entry>
	      <entry>g<subscript>5</subscript></entry>
	      <entry>g<subscript>4</subscript></entry>
	      <entry>g<subscript>3</subscript></entry>
	      <entry>g<subscript>2</subscript></entry>
	      <entry>g<subscript>1</subscript></entry>
	      <entry>g<subscript>0</subscript></entry>
	    </row>
	    <row id="V4L2-MBUS-FMT-SRGGB8-1X8">
	      <entry>V4L2_MBUS_FMT_SRGGB8_1X8</entry>
	      <entry>0x3014</entry>
	      <entry></entry>
	      <entry>-</entry>
	      <entry>-</entry>
	      <entry>-</entry>
	      <entry>-</entry>
	      <entry>r<subscript>7</subscript></entry>
	      <entry>r<subscript>6</subscript></entry>
	      <entry>r<subscript>5</subscript></entry>
	      <entry>r<subscript>4</subscript></entry>
	      <entry>r<subscript>3</subscript></entry>
	      <entry>r<subscript>2</subscript></entry>
	      <entry>r<subscript>1</subscript></entry>
	      <entry>r<subscript>0</subscript></entry>
	    </row>
	    <row id="V4L2-MBUS-FMT-SBGGR10-ALAW8-1X8">
	      <entry>V4L2_MBUS_FMT_SBGGR10_ALAW8_1X8</entry>
	      <entry>0x3015</entry>
	      <entry></entry>
	      <entry>-</entry>
	      <entry>-</entry>
	      <entry>-</entry>
	      <entry>-</entry>
	      <entry>b<subscript>7</subscript></entry>
	      <entry>b<subscript>6</subscript></entry>
	      <entry>b<subscript>5</subscript></entry>
	      <entry>b<subscript>4</subscript></entry>
	      <entry>b<subscript>3</subscript></entry>
	      <entry>b<subscript>2</subscript></entry>
	      <entry>b<subscript>1</subscript></entry>
	      <entry>b<subscript>0</subscript></entry>
	    </row>
	    <row id="V4L2-MBUS-FMT-SGBRG10-ALAW8-1X8">
	      <entry>V4L2_MBUS_FMT_SGBRG10_ALAW8_1X8</entry>
	      <entry>0x3016</entry>
	      <entry></entry>
	      <entry>-</entry>
	      <entry>-</entry>
	      <entry>-</entry>
	      <entry>-</entry>
	      <entry>g<subscript>7</subscript></entry>
	      <entry>g<subscript>6</subscript></entry>
	      <entry>g<subscript>5</subscript></entry>
	      <entry>g<subscript>4</subscript></entry>
	      <entry>g<subscript>3</subscript></entry>
	      <entry>g<subscript>2</subscript></entry>
	      <entry>g<subscript>1</subscript></entry>
	      <entry>g<subscript>0</subscript></entry>
	    </row>
	    <row id="V4L2-MBUS-FMT-SGRBG10-ALAW8-1X8">
	      <entry>V4L2_MBUS_FMT_SGRBG10_ALAW8_1X8</entry>
	      <entry>0x3017</entry>
	      <entry></entry>
	      <entry>-</entry>
	      <entry>-</entry>
	      <entry>-</entry>
	      <entry>-</entry>
	      <entry>g<subscript>7</subscript></entry>
	      <entry>g<subscript>6</subscript></entry>
	      <entry>g<subscript>5</subscript></entry>
	      <entry>g<subscript>4</subscript></entry>
	      <entry>g<subscript>3</subscript></entry>
	      <entry>g<subscript>2</subscript></entry>
	      <entry>g<subscript>1</subscript></entry>
	      <entry>g<subscript>0</subscript></entry>
	    </row>
	    <row id="V4L2-MBUS-FMT-SRGGB10-ALAW8-1X8">
	      <entry>V4L2_MBUS_FMT_SRGGB10_ALAW8_1X8</entry>
	      <entry>0x3018</entry>
	      <entry></entry>
	      <entry>-</entry>
	      <entry>-</entry>
	      <entry>-</entry>
	      <entry>-</entry>
	      <entry>r<subscript>7</subscript></entry>
	      <entry>r<subscript>6</subscript></entry>
	      <entry>r<subscript>5</subscript></entry>
	      <entry>r<subscript>4</subscript></entry>
	      <entry>r<subscript>3</subscript></entry>
	      <entry>r<subscript>2</subscript></entry>
	      <entry>r<subscript>1</subscript></entry>
	      <entry>r<subscript>0</subscript></entry>
	    </row>
	    <row id="V4L2-MBUS-FMT-SBGGR10-DPCM8-1X8">
	      <entry>V4L2_MBUS_FMT_SBGGR10_DPCM8_1X8</entry>
	      <entry>0x300b</entry>
	      <entry></entry>
	      <entry>-</entry>
	      <entry>-</entry>
	      <entry>-</entry>
	      <entry>-</entry>
	      <entry>b<subscript>7</subscript></entry>
	      <entry>b<subscript>6</subscript></entry>
	      <entry>b<subscript>5</subscript></entry>
	      <entry>b<subscript>4</subscript></entry>
	      <entry>b<subscript>3</subscript></entry>
	      <entry>b<subscript>2</subscript></entry>
	      <entry>b<subscript>1</subscript></entry>
	      <entry>b<subscript>0</subscript></entry>
	    </row>
	    <row id="V4L2-MBUS-FMT-SGBRG10-DPCM8-1X8">
	      <entry>V4L2_MBUS_FMT_SGBRG10_DPCM8_1X8</entry>
	      <entry>0x300c</entry>
	      <entry></entry>
	      <entry>-</entry>
	      <entry>-</entry>
	      <entry>-</entry>
	      <entry>-</entry>
	      <entry>g<subscript>7</subscript></entry>
	      <entry>g<subscript>6</subscript></entry>
	      <entry>g<subscript>5</subscript></entry>
	      <entry>g<subscript>4</subscript></entry>
	      <entry>g<subscript>3</subscript></entry>
	      <entry>g<subscript>2</subscript></entry>
	      <entry>g<subscript>1</subscript></entry>
	      <entry>g<subscript>0</subscript></entry>
	    </row>
	    <row id="V4L2-MBUS-FMT-SGRBG10-DPCM8-1X8">
	      <entry>V4L2_MBUS_FMT_SGRBG10_DPCM8_1X8</entry>
	      <entry>0x3009</entry>
	      <entry></entry>
	      <entry>-</entry>
	      <entry>-</entry>
	      <entry>-</entry>
	      <entry>-</entry>
	      <entry>g<subscript>7</subscript></entry>
	      <entry>g<subscript>6</subscript></entry>
	      <entry>g<subscript>5</subscript></entry>
	      <entry>g<subscript>4</subscript></entry>
	      <entry>g<subscript>3</subscript></entry>
	      <entry>g<subscript>2</subscript></entry>
	      <entry>g<subscript>1</subscript></entry>
	      <entry>g<subscript>0</subscript></entry>
	    </row>
	    <row id="V4L2-MBUS-FMT-SRGGB10-DPCM8-1X8">
	      <entry>V4L2_MBUS_FMT_SRGGB10_DPCM8_1X8</entry>
	      <entry>0x300d</entry>
	      <entry></entry>
	      <entry>-</entry>
	      <entry>-</entry>
	      <entry>-</entry>
	      <entry>-</entry>
	      <entry>r<subscript>7</subscript></entry>
	      <entry>r<subscript>6</subscript></entry>
	      <entry>r<subscript>5</subscript></entry>
	      <entry>r<subscript>4</subscript></entry>
	      <entry>r<subscript>3</subscript></entry>
	      <entry>r<subscript>2</subscript></entry>
	      <entry>r<subscript>1</subscript></entry>
	      <entry>r<subscript>0</subscript></entry>
	    </row>
	    <row id="V4L2-MBUS-FMT-SBGGR10-2X8-PADHI-BE">
	      <entry>V4L2_MBUS_FMT_SBGGR10_2X8_PADHI_BE</entry>
	      <entry>0x3003</entry>
	      <entry></entry>
	      <entry>-</entry>
	      <entry>-</entry>
	      <entry>-</entry>
	      <entry>-</entry>
	      <entry>0</entry>
	      <entry>0</entry>
	      <entry>0</entry>
	      <entry>0</entry>
	      <entry>0</entry>
	      <entry>0</entry>
	      <entry>b<subscript>9</subscript></entry>
	      <entry>b<subscript>8</subscript></entry>
	    </row>
	    <row>
	      <entry></entry>
	      <entry></entry>
	      <entry></entry>
	      <entry>-</entry>
	      <entry>-</entry>
	      <entry>-</entry>
	      <entry>-</entry>
	      <entry>b<subscript>7</subscript></entry>
	      <entry>b<subscript>6</subscript></entry>
	      <entry>b<subscript>5</subscript></entry>
	      <entry>b<subscript>4</subscript></entry>
	      <entry>b<subscript>3</subscript></entry>
	      <entry>b<subscript>2</subscript></entry>
	      <entry>b<subscript>1</subscript></entry>
	      <entry>b<subscript>0</subscript></entry>
	    </row>
	    <row id="V4L2-MBUS-FMT-SBGGR10-2X8-PADHI-LE">
	      <entry>V4L2_MBUS_FMT_SBGGR10_2X8_PADHI_LE</entry>
	      <entry>0x3004</entry>
	      <entry></entry>
	      <entry>-</entry>
	      <entry>-</entry>
	      <entry>-</entry>
	      <entry>-</entry>
	      <entry>b<subscript>7</subscript></entry>
	      <entry>b<subscript>6</subscript></entry>
	      <entry>b<subscript>5</subscript></entry>
	      <entry>b<subscript>4</subscript></entry>
	      <entry>b<subscript>3</subscript></entry>
	      <entry>b<subscript>2</subscript></entry>
	      <entry>b<subscript>1</subscript></entry>
	      <entry>b<subscript>0</subscript></entry>
	    </row>
	    <row>
	      <entry></entry>
	      <entry></entry>
	      <entry></entry>
	      <entry>-</entry>
	      <entry>-</entry>
	      <entry>-</entry>
	      <entry>-</entry>
	      <entry>0</entry>
	      <entry>0</entry>
	      <entry>0</entry>
	      <entry>0</entry>
	      <entry>0</entry>
	      <entry>0</entry>
	      <entry>b<subscript>9</subscript></entry>
	      <entry>b<subscript>8</subscript></entry>
	    </row>
	    <row id="V4L2-MBUS-FMT-SBGGR10-2X8-PADLO-BE">
	      <entry>V4L2_MBUS_FMT_SBGGR10_2X8_PADLO_BE</entry>
	      <entry>0x3005</entry>
	      <entry></entry>
	      <entry>-</entry>
	      <entry>-</entry>
	      <entry>-</entry>
	      <entry>-</entry>
	      <entry>b<subscript>9</subscript></entry>
	      <entry>b<subscript>8</subscript></entry>
	      <entry>b<subscript>7</subscript></entry>
	      <entry>b<subscript>6</subscript></entry>
	      <entry>b<subscript>5</subscript></entry>
	      <entry>b<subscript>4</subscript></entry>
	      <entry>b<subscript>3</subscript></entry>
	      <entry>b<subscript>2</subscript></entry>
	    </row>
	    <row>
	      <entry></entry>
	      <entry></entry>
	      <entry></entry>
	      <entry>-</entry>
	      <entry>-</entry>
	      <entry>-</entry>
	      <entry>-</entry>
	      <entry>b<subscript>1</subscript></entry>
	      <entry>b<subscript>0</subscript></entry>
	      <entry>0</entry>
	      <entry>0</entry>
	      <entry>0</entry>
	      <entry>0</entry>
	      <entry>0</entry>
	      <entry>0</entry>
	    </row>
	    <row id="V4L2-MBUS-FMT-SBGGR10-2X8-PADLO-LE">
	      <entry>V4L2_MBUS_FMT_SBGGR10_2X8_PADLO_LE</entry>
	      <entry>0x3006</entry>
	      <entry></entry>
	      <entry>-</entry>
	      <entry>-</entry>
	      <entry>-</entry>
	      <entry>-</entry>
	      <entry>b<subscript>1</subscript></entry>
	      <entry>b<subscript>0</subscript></entry>
	      <entry>0</entry>
	      <entry>0</entry>
	      <entry>0</entry>
	      <entry>0</entry>
	      <entry>0</entry>
	      <entry>0</entry>
	    </row>
	    <row>
	      <entry></entry>
	      <entry></entry>
	      <entry></entry>
	      <entry>-</entry>
	      <entry>-</entry>
	      <entry>-</entry>
	      <entry>-</entry>
	      <entry>b<subscript>9</subscript></entry>
	      <entry>b<subscript>8</subscript></entry>
	      <entry>b<subscript>7</subscript></entry>
	      <entry>b<subscript>6</subscript></entry>
	      <entry>b<subscript>5</subscript></entry>
	      <entry>b<subscript>4</subscript></entry>
	      <entry>b<subscript>3</subscript></entry>
	      <entry>b<subscript>2</subscript></entry>
	    </row>
	    <row id="V4L2-MBUS-FMT-SBGGR10-1X10">
	      <entry>V4L2_MBUS_FMT_SBGGR10_1X10</entry>
	      <entry>0x3007</entry>
	      <entry></entry>
	      <entry>-</entry>
	      <entry>-</entry>
	      <entry>b<subscript>9</subscript></entry>
	      <entry>b<subscript>8</subscript></entry>
	      <entry>b<subscript>7</subscript></entry>
	      <entry>b<subscript>6</subscript></entry>
	      <entry>b<subscript>5</subscript></entry>
	      <entry>b<subscript>4</subscript></entry>
	      <entry>b<subscript>3</subscript></entry>
	      <entry>b<subscript>2</subscript></entry>
	      <entry>b<subscript>1</subscript></entry>
	      <entry>b<subscript>0</subscript></entry>
	    </row>
	    <row id="V4L2-MBUS-FMT-SGBRG10-1X10">
	      <entry>V4L2_MBUS_FMT_SGBRG10_1X10</entry>
	      <entry>0x300e</entry>
	      <entry></entry>
	      <entry>-</entry>
	      <entry>-</entry>
	      <entry>g<subscript>9</subscript></entry>
	      <entry>g<subscript>8</subscript></entry>
	      <entry>g<subscript>7</subscript></entry>
	      <entry>g<subscript>6</subscript></entry>
	      <entry>g<subscript>5</subscript></entry>
	      <entry>g<subscript>4</subscript></entry>
	      <entry>g<subscript>3</subscript></entry>
	      <entry>g<subscript>2</subscript></entry>
	      <entry>g<subscript>1</subscript></entry>
	      <entry>g<subscript>0</subscript></entry>
	    </row>
	    <row id="V4L2-MBUS-FMT-SGRBG10-1X10">
	      <entry>V4L2_MBUS_FMT_SGRBG10_1X10</entry>
	      <entry>0x300a</entry>
	      <entry></entry>
	      <entry>-</entry>
	      <entry>-</entry>
	      <entry>g<subscript>9</subscript></entry>
	      <entry>g<subscript>8</subscript></entry>
	      <entry>g<subscript>7</subscript></entry>
	      <entry>g<subscript>6</subscript></entry>
	      <entry>g<subscript>5</subscript></entry>
	      <entry>g<subscript>4</subscript></entry>
	      <entry>g<subscript>3</subscript></entry>
	      <entry>g<subscript>2</subscript></entry>
	      <entry>g<subscript>1</subscript></entry>
	      <entry>g<subscript>0</subscript></entry>
	    </row>
	    <row id="V4L2-MBUS-FMT-SRGGB10-1X10">
	      <entry>V4L2_MBUS_FMT_SRGGB10_1X10</entry>
	      <entry>0x300f</entry>
	      <entry></entry>
	      <entry>-</entry>
	      <entry>-</entry>
	      <entry>r<subscript>9</subscript></entry>
	      <entry>r<subscript>8</subscript></entry>
	      <entry>r<subscript>7</subscript></entry>
	      <entry>r<subscript>6</subscript></entry>
	      <entry>r<subscript>5</subscript></entry>
	      <entry>r<subscript>4</subscript></entry>
	      <entry>r<subscript>3</subscript></entry>
	      <entry>r<subscript>2</subscript></entry>
	      <entry>r<subscript>1</subscript></entry>
	      <entry>r<subscript>0</subscript></entry>
	    </row>
	    <row id="V4L2-MBUS-FMT-SBGGR12-1X12">
	      <entry>V4L2_MBUS_FMT_SBGGR12_1X12</entry>
	      <entry>0x3008</entry>
	      <entry></entry>
	      <entry>b<subscript>11</subscript></entry>
	      <entry>b<subscript>10</subscript></entry>
	      <entry>b<subscript>9</subscript></entry>
	      <entry>b<subscript>8</subscript></entry>
	      <entry>b<subscript>7</subscript></entry>
	      <entry>b<subscript>6</subscript></entry>
	      <entry>b<subscript>5</subscript></entry>
	      <entry>b<subscript>4</subscript></entry>
	      <entry>b<subscript>3</subscript></entry>
	      <entry>b<subscript>2</subscript></entry>
	      <entry>b<subscript>1</subscript></entry>
	      <entry>b<subscript>0</subscript></entry>
	    </row>
	    <row id="V4L2-MBUS-FMT-SGBRG12-1X12">
	      <entry>V4L2_MBUS_FMT_SGBRG12_1X12</entry>
	      <entry>0x3010</entry>
	      <entry></entry>
	      <entry>g<subscript>11</subscript></entry>
	      <entry>g<subscript>10</subscript></entry>
	      <entry>g<subscript>9</subscript></entry>
	      <entry>g<subscript>8</subscript></entry>
	      <entry>g<subscript>7</subscript></entry>
	      <entry>g<subscript>6</subscript></entry>
	      <entry>g<subscript>5</subscript></entry>
	      <entry>g<subscript>4</subscript></entry>
	      <entry>g<subscript>3</subscript></entry>
	      <entry>g<subscript>2</subscript></entry>
	      <entry>g<subscript>1</subscript></entry>
	      <entry>g<subscript>0</subscript></entry>
	    </row>
	    <row id="V4L2-MBUS-FMT-SGRBG12-1X12">
	      <entry>V4L2_MBUS_FMT_SGRBG12_1X12</entry>
	      <entry>0x3011</entry>
	      <entry></entry>
	      <entry>g<subscript>11</subscript></entry>
	      <entry>g<subscript>10</subscript></entry>
	      <entry>g<subscript>9</subscript></entry>
	      <entry>g<subscript>8</subscript></entry>
	      <entry>g<subscript>7</subscript></entry>
	      <entry>g<subscript>6</subscript></entry>
	      <entry>g<subscript>5</subscript></entry>
	      <entry>g<subscript>4</subscript></entry>
	      <entry>g<subscript>3</subscript></entry>
	      <entry>g<subscript>2</subscript></entry>
	      <entry>g<subscript>1</subscript></entry>
	      <entry>g<subscript>0</subscript></entry>
	    </row>
	    <row id="V4L2-MBUS-FMT-SRGGB12-1X12">
	      <entry>V4L2_MBUS_FMT_SRGGB12_1X12</entry>
	      <entry>0x3012</entry>
	      <entry></entry>
	      <entry>r<subscript>11</subscript></entry>
	      <entry>r<subscript>10</subscript></entry>
	      <entry>r<subscript>9</subscript></entry>
	      <entry>r<subscript>8</subscript></entry>
	      <entry>r<subscript>7</subscript></entry>
	      <entry>r<subscript>6</subscript></entry>
	      <entry>r<subscript>5</subscript></entry>
	      <entry>r<subscript>4</subscript></entry>
	      <entry>r<subscript>3</subscript></entry>
	      <entry>r<subscript>2</subscript></entry>
	      <entry>r<subscript>1</subscript></entry>
	      <entry>r<subscript>0</subscript></entry>
	    </row>
	  </tbody>
	</tgroup>
      </table>
    </section>

    <section>
      <title>Packed YUV Formats</title>

      <para>Those data formats transfer pixel data as (possibly downsampled) Y, U
      and V components. Some formats include dummy bits in some of their samples
      and are collectively referred to as "YDYC" (Y-Dummy-Y-Chroma) formats.
      One cannot rely on the values of these dummy bits as those are undefined.
      </para>
      <para>The format code is made of the following information.
      <itemizedlist>
	<listitem><para>The Y, U and V components order code, as transferred on the
	bus. Possible values are YUYV, UYVY, YVYU and VYUY for formats with no
	dummy bit, and YDYUYDYV, YDYVYDYU, YUYDYVYD and YVYDYUYD for YDYC formats.
	</para></listitem>
	<listitem><para>The number of bits per pixel component. All components are
	transferred on the same number of bits. Common values are 8, 10 and 12.</para>
	</listitem>
	<listitem><para>The number of bus samples per pixel. Pixels that are wider than
	the bus width must be transferred in multiple samples. Common values are
	1, 1.5 (encoded as 1_5) and 2.</para></listitem>
	<listitem><para>The bus width. When the bus width is larger than the number of
	bits per pixel component, several components are packed in a single bus
	sample. The components are ordered as specified by the order code, with
	components on the left of the code transferred in the high order bits.
	Common values are 8 and 16.</para>
	</listitem>
      </itemizedlist>
      </para>

      <para>For instance, a format where pixels are encoded as 8-bit YUV values
      downsampled to 4:2:2 and transferred as 2 8-bit bus samples per pixel in the
      U, Y, V, Y order will be named <constant>V4L2_MBUS_FMT_UYVY8_2X8</constant>.
      </para>

	<para><xref linkend="v4l2-mbus-pixelcode-yuv8"/> list existing packet YUV
	formats and describes the organization of each pixel data in each sample.
	When a format pattern is split across multiple samples each of the samples
	in the pattern is described.</para>

	<para>The role of each bit transferred over the bus is identified by one
	of the following codes.</para>

	<itemizedlist>
	   <listitem><para>y<subscript>x</subscript> for luma component bit number x</para></listitem>
	   <listitem><para>u<subscript>x</subscript> for blue chroma component bit number x</para></listitem>
	   <listitem><para>v<subscript>x</subscript> for red chroma component bit number x</para></listitem>
	   <listitem><para>- for non-available bits (for positions higher than the bus width)</para></listitem>
	   <listitem><para>d for dummy bits</para></listitem>
	</itemizedlist>

      <table pgwide="0" frame="none" id="v4l2-mbus-pixelcode-yuv8">
	<title>YUV Formats</title>
	<tgroup cols="23">
	  <colspec colname="id" align="left" />
	  <colspec colname="code" align="center"/>
	  <colspec colname="bit" />
	  <colspec colnum="4" colname="b29" align="center" />
	  <colspec colnum="5" colname="b28" align="center" />
	  <colspec colnum="6" colname="b27" align="center" />
	  <colspec colnum="7" colname="b26" align="center" />
	  <colspec colnum="8" colname="b25" align="center" />
	  <colspec colnum="9" colname="b24" align="center" />
	  <colspec colnum="10" colname="b23" align="center" />
	  <colspec colnum="11" colname="b22" align="center" />
	  <colspec colnum="12" colname="b21" align="center" />
	  <colspec colnum="13" colname="b20" align="center" />
	  <colspec colnum="14" colname="b19" align="center" />
	  <colspec colnum="15" colname="b18" align="center" />
	  <colspec colnum="16" colname="b17" align="center" />
	  <colspec colnum="17" colname="b16" align="center" />
	  <colspec colnum="18" colname="b15" align="center" />
	  <colspec colnum="19" colname="b14" align="center" />
	  <colspec colnum="20" colname="b13" align="center" />
	  <colspec colnum="21" colname="b12" align="center" />
	  <colspec colnum="22" colname="b11" align="center" />
	  <colspec colnum="23" colname="b10" align="center" />
	  <colspec colnum="24" colname="b09" align="center" />
	  <colspec colnum="25" colname="b08" align="center" />
	  <colspec colnum="26" colname="b07" align="center" />
	  <colspec colnum="27" colname="b06" align="center" />
	  <colspec colnum="28" colname="b05" align="center" />
	  <colspec colnum="29" colname="b04" align="center" />
	  <colspec colnum="30" colname="b03" align="center" />
	  <colspec colnum="31" colname="b02" align="center" />
	  <colspec colnum="32" colname="b01" align="center" />
	  <colspec colnum="33" colname="b00" align="center" />
	  <spanspec namest="b29" nameend="b00" spanname="b0" />
	  <thead>
	    <row>
	      <entry>Identifier</entry>
	      <entry>Code</entry>
	      <entry></entry>
	      <entry spanname="b0">Data organization</entry>
	    </row>
	    <row>
	      <entry></entry>
	      <entry></entry>
	      <entry>Bit</entry>
	      <entry>29</entry>
	      <entry>28</entry>
	      <entry>27</entry>
	      <entry>26</entry>
	      <entry>25</entry>
	      <entry>24</entry>
	      <entry>23</entry>
	      <entry>22</entry>
	      <entry>21</entry>
	      <entry>10</entry>
	      <entry>19</entry>
	      <entry>18</entry>
	      <entry>17</entry>
	      <entry>16</entry>
	      <entry>15</entry>
	      <entry>14</entry>
	      <entry>13</entry>
	      <entry>12</entry>
	      <entry>11</entry>
	      <entry>10</entry>
	      <entry>9</entry>
	      <entry>8</entry>
	      <entry>7</entry>
	      <entry>6</entry>
	      <entry>5</entry>
	      <entry>4</entry>
	      <entry>3</entry>
	      <entry>2</entry>
	      <entry>1</entry>
	      <entry>0</entry>
	    </row>
	  </thead>
	  <tbody valign="top">
	    <row id="V4L2-MBUS-FMT-Y8-1X8">
	      <entry>V4L2_MBUS_FMT_Y8_1X8</entry>
	      <entry>0x2001</entry>
	      <entry></entry>
	      &dash-ent-10;
	      &dash-ent-10;
	      <entry>-</entry>
	      <entry>-</entry>
	      <entry>y<subscript>7</subscript></entry>
	      <entry>y<subscript>6</subscript></entry>
	      <entry>y<subscript>5</subscript></entry>
	      <entry>y<subscript>4</subscript></entry>
	      <entry>y<subscript>3</subscript></entry>
	      <entry>y<subscript>2</subscript></entry>
	      <entry>y<subscript>1</subscript></entry>
	      <entry>y<subscript>0</subscript></entry>
	    </row>
	    <row id="V4L2-MBUS-FMT-UV8-1X8">
	      <entry>V4L2_MBUS_FMT_UV8_1X8</entry>
	      <entry>0x2015</entry>
	      <entry></entry>
	      <entry>-</entry>
	      <entry>-</entry>
	      <entry>-</entry>
	      <entry>-</entry>
	      <entry>-</entry>
	      <entry>-</entry>
	      <entry>-</entry>
	      <entry>-</entry>
	      <entry>-</entry>
	      <entry>-</entry>
	      <entry>-</entry>
	      <entry>-</entry>
	      <entry>u<subscript>7</subscript></entry>
	      <entry>u<subscript>6</subscript></entry>
	      <entry>u<subscript>5</subscript></entry>
	      <entry>u<subscript>4</subscript></entry>
	      <entry>u<subscript>3</subscript></entry>
	      <entry>u<subscript>2</subscript></entry>
	      <entry>u<subscript>1</subscript></entry>
	      <entry>u<subscript>0</subscript></entry>
	    </row>
	    <row>
	      <entry></entry>
	      <entry></entry>
	      <entry></entry>
	      <entry>-</entry>
	      <entry>-</entry>
	      <entry>-</entry>
	      <entry>-</entry>
	      <entry>-</entry>
	      <entry>-</entry>
	      <entry>-</entry>
	      <entry>-</entry>
	      <entry>-</entry>
	      <entry>-</entry>
	      <entry>-</entry>
	      <entry>-</entry>
	      <entry>v<subscript>7</subscript></entry>
	      <entry>v<subscript>6</subscript></entry>
	      <entry>v<subscript>5</subscript></entry>
	      <entry>v<subscript>4</subscript></entry>
	      <entry>v<subscript>3</subscript></entry>
	      <entry>v<subscript>2</subscript></entry>
	      <entry>v<subscript>1</subscript></entry>
	      <entry>v<subscript>0</subscript></entry>
	    </row>
	    <row id="V4L2-MBUS-FMT-UYVY8-1_5X8">
	      <entry>V4L2_MBUS_FMT_UYVY8_1_5X8</entry>
	      <entry>0x2002</entry>
	      <entry></entry>
	      &dash-ent-10;
	      &dash-ent-10;
	      <entry>-</entry>
	      <entry>-</entry>
	      <entry>u<subscript>7</subscript></entry>
	      <entry>u<subscript>6</subscript></entry>
	      <entry>u<subscript>5</subscript></entry>
	      <entry>u<subscript>4</subscript></entry>
	      <entry>u<subscript>3</subscript></entry>
	      <entry>u<subscript>2</subscript></entry>
	      <entry>u<subscript>1</subscript></entry>
	      <entry>u<subscript>0</subscript></entry>
	    </row>
	    <row>
	      <entry></entry>
	      <entry></entry>
	      <entry></entry>
	      &dash-ent-10;
	      &dash-ent-10;
	      <entry>-</entry>
	      <entry>-</entry>
	      <entry>y<subscript>7</subscript></entry>
	      <entry>y<subscript>6</subscript></entry>
	      <entry>y<subscript>5</subscript></entry>
	      <entry>y<subscript>4</subscript></entry>
	      <entry>y<subscript>3</subscript></entry>
	      <entry>y<subscript>2</subscript></entry>
	      <entry>y<subscript>1</subscript></entry>
	      <entry>y<subscript>0</subscript></entry>
	    </row>
	    <row>
	      <entry></entry>
	      <entry></entry>
	      <entry></entry>
	      &dash-ent-10;
	      &dash-ent-10;
	      <entry>-</entry>
	      <entry>-</entry>
	      <entry>y<subscript>7</subscript></entry>
	      <entry>y<subscript>6</subscript></entry>
	      <entry>y<subscript>5</subscript></entry>
	      <entry>y<subscript>4</subscript></entry>
	      <entry>y<subscript>3</subscript></entry>
	      <entry>y<subscript>2</subscript></entry>
	      <entry>y<subscript>1</subscript></entry>
	      <entry>y<subscript>0</subscript></entry>
	    </row>
	    <row>
	      <entry></entry>
	      <entry></entry>
	      <entry></entry>
	      &dash-ent-10;
	      &dash-ent-10;
	      <entry>-</entry>
	      <entry>-</entry>
	      <entry>v<subscript>7</subscript></entry>
	      <entry>v<subscript>6</subscript></entry>
	      <entry>v<subscript>5</subscript></entry>
	      <entry>v<subscript>4</subscript></entry>
	      <entry>v<subscript>3</subscript></entry>
	      <entry>v<subscript>2</subscript></entry>
	      <entry>v<subscript>1</subscript></entry>
	      <entry>v<subscript>0</subscript></entry>
	    </row>
	    <row>
	      <entry></entry>
	      <entry></entry>
	      <entry></entry>
	      &dash-ent-10;
	      &dash-ent-10;
	      <entry>-</entry>
	      <entry>-</entry>
	      <entry>y<subscript>7</subscript></entry>
	      <entry>y<subscript>6</subscript></entry>
	      <entry>y<subscript>5</subscript></entry>
	      <entry>y<subscript>4</subscript></entry>
	      <entry>y<subscript>3</subscript></entry>
	      <entry>y<subscript>2</subscript></entry>
	      <entry>y<subscript>1</subscript></entry>
	      <entry>y<subscript>0</subscript></entry>
	    </row>
	    <row>
	      <entry></entry>
	      <entry></entry>
	      <entry></entry>
	      &dash-ent-10;
	      &dash-ent-10;
	      <entry>-</entry>
	      <entry>-</entry>
	      <entry>y<subscript>7</subscript></entry>
	      <entry>y<subscript>6</subscript></entry>
	      <entry>y<subscript>5</subscript></entry>
	      <entry>y<subscript>4</subscript></entry>
	      <entry>y<subscript>3</subscript></entry>
	      <entry>y<subscript>2</subscript></entry>
	      <entry>y<subscript>1</subscript></entry>
	      <entry>y<subscript>0</subscript></entry>
	    </row>
	    <row id="V4L2-MBUS-FMT-VYUY8-1_5X8">
	      <entry>V4L2_MBUS_FMT_VYUY8_1_5X8</entry>
	      <entry>0x2003</entry>
	      <entry></entry>
	      &dash-ent-10;
	      &dash-ent-10;
	      <entry>-</entry>
	      <entry>-</entry>
	      <entry>v<subscript>7</subscript></entry>
	      <entry>v<subscript>6</subscript></entry>
	      <entry>v<subscript>5</subscript></entry>
	      <entry>v<subscript>4</subscript></entry>
	      <entry>v<subscript>3</subscript></entry>
	      <entry>v<subscript>2</subscript></entry>
	      <entry>v<subscript>1</subscript></entry>
	      <entry>v<subscript>0</subscript></entry>
	    </row>
	    <row>
	      <entry></entry>
	      <entry></entry>
	      <entry></entry>
	      &dash-ent-10;
	      &dash-ent-10;
	      <entry>-</entry>
	      <entry>-</entry>
	      <entry>y<subscript>7</subscript></entry>
	      <entry>y<subscript>6</subscript></entry>
	      <entry>y<subscript>5</subscript></entry>
	      <entry>y<subscript>4</subscript></entry>
	      <entry>y<subscript>3</subscript></entry>
	      <entry>y<subscript>2</subscript></entry>
	      <entry>y<subscript>1</subscript></entry>
	      <entry>y<subscript>0</subscript></entry>
	    </row>
	    <row>
	      <entry></entry>
	      <entry></entry>
	      <entry></entry>
	      &dash-ent-10;
	      &dash-ent-10;
	      <entry>-</entry>
	      <entry>-</entry>
	      <entry>y<subscript>7</subscript></entry>
	      <entry>y<subscript>6</subscript></entry>
	      <entry>y<subscript>5</subscript></entry>
	      <entry>y<subscript>4</subscript></entry>
	      <entry>y<subscript>3</subscript></entry>
	      <entry>y<subscript>2</subscript></entry>
	      <entry>y<subscript>1</subscript></entry>
	      <entry>y<subscript>0</subscript></entry>
	    </row>
	    <row>
	      <entry></entry>
	      <entry></entry>
	      <entry></entry>
	      &dash-ent-10;
	      &dash-ent-10;
	      <entry>-</entry>
	      <entry>-</entry>
	      <entry>u<subscript>7</subscript></entry>
	      <entry>u<subscript>6</subscript></entry>
	      <entry>u<subscript>5</subscript></entry>
	      <entry>u<subscript>4</subscript></entry>
	      <entry>u<subscript>3</subscript></entry>
	      <entry>u<subscript>2</subscript></entry>
	      <entry>u<subscript>1</subscript></entry>
	      <entry>u<subscript>0</subscript></entry>
	    </row>
	    <row>
	      <entry></entry>
	      <entry></entry>
	      <entry></entry>
	      &dash-ent-10;
	      &dash-ent-10;
	      <entry>-</entry>
	      <entry>-</entry>
	      <entry>y<subscript>7</subscript></entry>
	      <entry>y<subscript>6</subscript></entry>
	      <entry>y<subscript>5</subscript></entry>
	      <entry>y<subscript>4</subscript></entry>
	      <entry>y<subscript>3</subscript></entry>
	      <entry>y<subscript>2</subscript></entry>
	      <entry>y<subscript>1</subscript></entry>
	      <entry>y<subscript>0</subscript></entry>
	    </row>
	    <row>
	      <entry></entry>
	      <entry></entry>
	      <entry></entry>
	      &dash-ent-10;
	      &dash-ent-10;
	      <entry>-</entry>
	      <entry>-</entry>
	      <entry>y<subscript>7</subscript></entry>
	      <entry>y<subscript>6</subscript></entry>
	      <entry>y<subscript>5</subscript></entry>
	      <entry>y<subscript>4</subscript></entry>
	      <entry>y<subscript>3</subscript></entry>
	      <entry>y<subscript>2</subscript></entry>
	      <entry>y<subscript>1</subscript></entry>
	      <entry>y<subscript>0</subscript></entry>
	    </row>
	    <row id="V4L2-MBUS-FMT-YUYV8-1_5X8">
	      <entry>V4L2_MBUS_FMT_YUYV8_1_5X8</entry>
	      <entry>0x2004</entry>
	      <entry></entry>
	      &dash-ent-10;
	      &dash-ent-10;
	      <entry>-</entry>
	      <entry>-</entry>
	      <entry>y<subscript>7</subscript></entry>
	      <entry>y<subscript>6</subscript></entry>
	      <entry>y<subscript>5</subscript></entry>
	      <entry>y<subscript>4</subscript></entry>
	      <entry>y<subscript>3</subscript></entry>
	      <entry>y<subscript>2</subscript></entry>
	      <entry>y<subscript>1</subscript></entry>
	      <entry>y<subscript>0</subscript></entry>
	    </row>
	    <row>
	      <entry></entry>
	      <entry></entry>
	      <entry></entry>
	      &dash-ent-10;
	      &dash-ent-10;
	      <entry>-</entry>
	      <entry>-</entry>
	      <entry>y<subscript>7</subscript></entry>
	      <entry>y<subscript>6</subscript></entry>
	      <entry>y<subscript>5</subscript></entry>
	      <entry>y<subscript>4</subscript></entry>
	      <entry>y<subscript>3</subscript></entry>
	      <entry>y<subscript>2</subscript></entry>
	      <entry>y<subscript>1</subscript></entry>
	      <entry>y<subscript>0</subscript></entry>
	    </row>
	    <row>
	      <entry></entry>
	      <entry></entry>
	      <entry></entry>
	      &dash-ent-10;
	      &dash-ent-10;
	      <entry>-</entry>
	      <entry>-</entry>
	      <entry>u<subscript>7</subscript></entry>
	      <entry>u<subscript>6</subscript></entry>
	      <entry>u<subscript>5</subscript></entry>
	      <entry>u<subscript>4</subscript></entry>
	      <entry>u<subscript>3</subscript></entry>
	      <entry>u<subscript>2</subscript></entry>
	      <entry>u<subscript>1</subscript></entry>
	      <entry>u<subscript>0</subscript></entry>
	    </row>
	    <row>
	      <entry></entry>
	      <entry></entry>
	      <entry></entry>
	      &dash-ent-10;
	      &dash-ent-10;
	      <entry>-</entry>
	      <entry>-</entry>
	      <entry>y<subscript>7</subscript></entry>
	      <entry>y<subscript>6</subscript></entry>
	      <entry>y<subscript>5</subscript></entry>
	      <entry>y<subscript>4</subscript></entry>
	      <entry>y<subscript>3</subscript></entry>
	      <entry>y<subscript>2</subscript></entry>
	      <entry>y<subscript>1</subscript></entry>
	      <entry>y<subscript>0</subscript></entry>
	    </row>
	    <row>
	      <entry></entry>
	      <entry></entry>
	      <entry></entry>
	      &dash-ent-10;
	      &dash-ent-10;
	      <entry>-</entry>
	      <entry>-</entry>
	      <entry>y<subscript>7</subscript></entry>
	      <entry>y<subscript>6</subscript></entry>
	      <entry>y<subscript>5</subscript></entry>
	      <entry>y<subscript>4</subscript></entry>
	      <entry>y<subscript>3</subscript></entry>
	      <entry>y<subscript>2</subscript></entry>
	      <entry>y<subscript>1</subscript></entry>
	      <entry>y<subscript>0</subscript></entry>
	    </row>
	    <row>
	      <entry></entry>
	      <entry></entry>
	      <entry></entry>
	      &dash-ent-10;
	      &dash-ent-10;
	      <entry>-</entry>
	      <entry>-</entry>
	      <entry>v<subscript>7</subscript></entry>
	      <entry>v<subscript>6</subscript></entry>
	      <entry>v<subscript>5</subscript></entry>
	      <entry>v<subscript>4</subscript></entry>
	      <entry>v<subscript>3</subscript></entry>
	      <entry>v<subscript>2</subscript></entry>
	      <entry>v<subscript>1</subscript></entry>
	      <entry>v<subscript>0</subscript></entry>
	    </row>
	    <row id="V4L2-MBUS-FMT-YVYU8-1_5X8">
	      <entry>V4L2_MBUS_FMT_YVYU8_1_5X8</entry>
	      <entry>0x2005</entry>
	      <entry></entry>
	      &dash-ent-10;
	      &dash-ent-10;
	      <entry>-</entry>
	      <entry>-</entry>
	      <entry>y<subscript>7</subscript></entry>
	      <entry>y<subscript>6</subscript></entry>
	      <entry>y<subscript>5</subscript></entry>
	      <entry>y<subscript>4</subscript></entry>
	      <entry>y<subscript>3</subscript></entry>
	      <entry>y<subscript>2</subscript></entry>
	      <entry>y<subscript>1</subscript></entry>
	      <entry>y<subscript>0</subscript></entry>
	    </row>
	    <row>
	      <entry></entry>
	      <entry></entry>
	      <entry></entry>
	      &dash-ent-10;
	      &dash-ent-10;
	      <entry>-</entry>
	      <entry>-</entry>
	      <entry>y<subscript>7</subscript></entry>
	      <entry>y<subscript>6</subscript></entry>
	      <entry>y<subscript>5</subscript></entry>
	      <entry>y<subscript>4</subscript></entry>
	      <entry>y<subscript>3</subscript></entry>
	      <entry>y<subscript>2</subscript></entry>
	      <entry>y<subscript>1</subscript></entry>
	      <entry>y<subscript>0</subscript></entry>
	    </row>
	    <row>
	      <entry></entry>
	      <entry></entry>
	      <entry></entry>
	      &dash-ent-10;
	      &dash-ent-10;
	      <entry>-</entry>
	      <entry>-</entry>
	      <entry>v<subscript>7</subscript></entry>
	      <entry>v<subscript>6</subscript></entry>
	      <entry>v<subscript>5</subscript></entry>
	      <entry>v<subscript>4</subscript></entry>
	      <entry>v<subscript>3</subscript></entry>
	      <entry>v<subscript>2</subscript></entry>
	      <entry>v<subscript>1</subscript></entry>
	      <entry>v<subscript>0</subscript></entry>
	    </row>
	    <row>
	      <entry></entry>
	      <entry></entry>
	      <entry></entry>
	      &dash-ent-10;
	      &dash-ent-10;
	      <entry>-</entry>
	      <entry>-</entry>
	      <entry>y<subscript>7</subscript></entry>
	      <entry>y<subscript>6</subscript></entry>
	      <entry>y<subscript>5</subscript></entry>
	      <entry>y<subscript>4</subscript></entry>
	      <entry>y<subscript>3</subscript></entry>
	      <entry>y<subscript>2</subscript></entry>
	      <entry>y<subscript>1</subscript></entry>
	      <entry>y<subscript>0</subscript></entry>
	    </row>
	    <row>
	      <entry></entry>
	      <entry></entry>
	      <entry></entry>
	      &dash-ent-10;
	      &dash-ent-10;
	      <entry>-</entry>
	      <entry>-</entry>
	      <entry>y<subscript>7</subscript></entry>
	      <entry>y<subscript>6</subscript></entry>
	      <entry>y<subscript>5</subscript></entry>
	      <entry>y<subscript>4</subscript></entry>
	      <entry>y<subscript>3</subscript></entry>
	      <entry>y<subscript>2</subscript></entry>
	      <entry>y<subscript>1</subscript></entry>
	      <entry>y<subscript>0</subscript></entry>
	    </row>
	    <row>
	      <entry></entry>
	      <entry></entry>
	      <entry></entry>
	      &dash-ent-10;
	      &dash-ent-10;
	      <entry>-</entry>
	      <entry>-</entry>
	      <entry>u<subscript>7</subscript></entry>
	      <entry>u<subscript>6</subscript></entry>
	      <entry>u<subscript>5</subscript></entry>
	      <entry>u<subscript>4</subscript></entry>
	      <entry>u<subscript>3</subscript></entry>
	      <entry>u<subscript>2</subscript></entry>
	      <entry>u<subscript>1</subscript></entry>
	      <entry>u<subscript>0</subscript></entry>
	    </row>
	    <row id="V4L2-MBUS-FMT-UYVY8-2X8">
	      <entry>V4L2_MBUS_FMT_UYVY8_2X8</entry>
	      <entry>0x2006</entry>
	      <entry></entry>
	      &dash-ent-10;
	      &dash-ent-10;
	      <entry>-</entry>
	      <entry>-</entry>
	      <entry>u<subscript>7</subscript></entry>
	      <entry>u<subscript>6</subscript></entry>
	      <entry>u<subscript>5</subscript></entry>
	      <entry>u<subscript>4</subscript></entry>
	      <entry>u<subscript>3</subscript></entry>
	      <entry>u<subscript>2</subscript></entry>
	      <entry>u<subscript>1</subscript></entry>
	      <entry>u<subscript>0</subscript></entry>
	    </row>
	    <row>
	      <entry></entry>
	      <entry></entry>
	      <entry></entry>
	      &dash-ent-10;
	      &dash-ent-10;
	      <entry>-</entry>
	      <entry>-</entry>
	      <entry>y<subscript>7</subscript></entry>
	      <entry>y<subscript>6</subscript></entry>
	      <entry>y<subscript>5</subscript></entry>
	      <entry>y<subscript>4</subscript></entry>
	      <entry>y<subscript>3</subscript></entry>
	      <entry>y<subscript>2</subscript></entry>
	      <entry>y<subscript>1</subscript></entry>
	      <entry>y<subscript>0</subscript></entry>
	    </row>
	    <row>
	      <entry></entry>
	      <entry></entry>
	      <entry></entry>
	      &dash-ent-10;
	      &dash-ent-10;
	      <entry>-</entry>
	      <entry>-</entry>
	      <entry>v<subscript>7</subscript></entry>
	      <entry>v<subscript>6</subscript></entry>
	      <entry>v<subscript>5</subscript></entry>
	      <entry>v<subscript>4</subscript></entry>
	      <entry>v<subscript>3</subscript></entry>
	      <entry>v<subscript>2</subscript></entry>
	      <entry>v<subscript>1</subscript></entry>
	      <entry>v<subscript>0</subscript></entry>
	    </row>
	    <row>
	      <entry></entry>
	      <entry></entry>
	      <entry></entry>
	      &dash-ent-10;
	      &dash-ent-10;
	      <entry>-</entry>
	      <entry>-</entry>
	      <entry>y<subscript>7</subscript></entry>
	      <entry>y<subscript>6</subscript></entry>
	      <entry>y<subscript>5</subscript></entry>
	      <entry>y<subscript>4</subscript></entry>
	      <entry>y<subscript>3</subscript></entry>
	      <entry>y<subscript>2</subscript></entry>
	      <entry>y<subscript>1</subscript></entry>
	      <entry>y<subscript>0</subscript></entry>
	    </row>
	    <row id="V4L2-MBUS-FMT-VYUY8-2X8">
	      <entry>V4L2_MBUS_FMT_VYUY8_2X8</entry>
	      <entry>0x2007</entry>
	      <entry></entry>
	      &dash-ent-10;
	      &dash-ent-10;
	      <entry>-</entry>
	      <entry>-</entry>
	      <entry>v<subscript>7</subscript></entry>
	      <entry>v<subscript>6</subscript></entry>
	      <entry>v<subscript>5</subscript></entry>
	      <entry>v<subscript>4</subscript></entry>
	      <entry>v<subscript>3</subscript></entry>
	      <entry>v<subscript>2</subscript></entry>
	      <entry>v<subscript>1</subscript></entry>
	      <entry>v<subscript>0</subscript></entry>
	    </row>
	    <row>
	      <entry></entry>
	      <entry></entry>
	      <entry></entry>
	      &dash-ent-10;
	      &dash-ent-10;
	      <entry>-</entry>
	      <entry>-</entry>
	      <entry>y<subscript>7</subscript></entry>
	      <entry>y<subscript>6</subscript></entry>
	      <entry>y<subscript>5</subscript></entry>
	      <entry>y<subscript>4</subscript></entry>
	      <entry>y<subscript>3</subscript></entry>
	      <entry>y<subscript>2</subscript></entry>
	      <entry>y<subscript>1</subscript></entry>
	      <entry>y<subscript>0</subscript></entry>
	    </row>
	    <row>
	      <entry></entry>
	      <entry></entry>
	      <entry></entry>
	      &dash-ent-10;
	      &dash-ent-10;
	      <entry>-</entry>
	      <entry>-</entry>
	      <entry>u<subscript>7</subscript></entry>
	      <entry>u<subscript>6</subscript></entry>
	      <entry>u<subscript>5</subscript></entry>
	      <entry>u<subscript>4</subscript></entry>
	      <entry>u<subscript>3</subscript></entry>
	      <entry>u<subscript>2</subscript></entry>
	      <entry>u<subscript>1</subscript></entry>
	      <entry>u<subscript>0</subscript></entry>
	    </row>
	    <row>
	      <entry></entry>
	      <entry></entry>
	      <entry></entry>
	      &dash-ent-10;
	      &dash-ent-10;
	      <entry>-</entry>
	      <entry>-</entry>
	      <entry>y<subscript>7</subscript></entry>
	      <entry>y<subscript>6</subscript></entry>
	      <entry>y<subscript>5</subscript></entry>
	      <entry>y<subscript>4</subscript></entry>
	      <entry>y<subscript>3</subscript></entry>
	      <entry>y<subscript>2</subscript></entry>
	      <entry>y<subscript>1</subscript></entry>
	      <entry>y<subscript>0</subscript></entry>
	    </row>
	    <row id="V4L2-MBUS-FMT-YUYV8-2X8">
	      <entry>V4L2_MBUS_FMT_YUYV8_2X8</entry>
	      <entry>0x2008</entry>
	      <entry></entry>
	      &dash-ent-10;
	      &dash-ent-10;
	      <entry>-</entry>
	      <entry>-</entry>
	      <entry>y<subscript>7</subscript></entry>
	      <entry>y<subscript>6</subscript></entry>
	      <entry>y<subscript>5</subscript></entry>
	      <entry>y<subscript>4</subscript></entry>
	      <entry>y<subscript>3</subscript></entry>
	      <entry>y<subscript>2</subscript></entry>
	      <entry>y<subscript>1</subscript></entry>
	      <entry>y<subscript>0</subscript></entry>
	    </row>
	    <row>
	      <entry></entry>
	      <entry></entry>
	      <entry></entry>
	      &dash-ent-10;
	      &dash-ent-10;
	      <entry>-</entry>
	      <entry>-</entry>
	      <entry>u<subscript>7</subscript></entry>
	      <entry>u<subscript>6</subscript></entry>
	      <entry>u<subscript>5</subscript></entry>
	      <entry>u<subscript>4</subscript></entry>
	      <entry>u<subscript>3</subscript></entry>
	      <entry>u<subscript>2</subscript></entry>
	      <entry>u<subscript>1</subscript></entry>
	      <entry>u<subscript>0</subscript></entry>
	    </row>
	    <row>
	      <entry></entry>
	      <entry></entry>
	      <entry></entry>
	      &dash-ent-10;
	      &dash-ent-10;
	      <entry>-</entry>
	      <entry>-</entry>
	      <entry>y<subscript>7</subscript></entry>
	      <entry>y<subscript>6</subscript></entry>
	      <entry>y<subscript>5</subscript></entry>
	      <entry>y<subscript>4</subscript></entry>
	      <entry>y<subscript>3</subscript></entry>
	      <entry>y<subscript>2</subscript></entry>
	      <entry>y<subscript>1</subscript></entry>
	      <entry>y<subscript>0</subscript></entry>
	    </row>
	    <row>
	      <entry></entry>
	      <entry></entry>
	      <entry></entry>
	      &dash-ent-10;
	      &dash-ent-10;
	      <entry>-</entry>
	      <entry>-</entry>
	      <entry>v<subscript>7</subscript></entry>
	      <entry>v<subscript>6</subscript></entry>
	      <entry>v<subscript>5</subscript></entry>
	      <entry>v<subscript>4</subscript></entry>
	      <entry>v<subscript>3</subscript></entry>
	      <entry>v<subscript>2</subscript></entry>
	      <entry>v<subscript>1</subscript></entry>
	      <entry>v<subscript>0</subscript></entry>
	    </row>
	    <row id="V4L2-MBUS-FMT-YVYU8-2X8">
	      <entry>V4L2_MBUS_FMT_YVYU8_2X8</entry>
	      <entry>0x2009</entry>
	      <entry></entry>
	      &dash-ent-10;
	      &dash-ent-10;
	      <entry>-</entry>
	      <entry>-</entry>
	      <entry>y<subscript>7</subscript></entry>
	      <entry>y<subscript>6</subscript></entry>
	      <entry>y<subscript>5</subscript></entry>
	      <entry>y<subscript>4</subscript></entry>
	      <entry>y<subscript>3</subscript></entry>
	      <entry>y<subscript>2</subscript></entry>
	      <entry>y<subscript>1</subscript></entry>
	      <entry>y<subscript>0</subscript></entry>
	    </row>
	    <row>
	      <entry></entry>
	      <entry></entry>
	      <entry></entry>
	      &dash-ent-10;
	      &dash-ent-10;
	      <entry>-</entry>
	      <entry>-</entry>
	      <entry>v<subscript>7</subscript></entry>
	      <entry>v<subscript>6</subscript></entry>
	      <entry>v<subscript>5</subscript></entry>
	      <entry>v<subscript>4</subscript></entry>
	      <entry>v<subscript>3</subscript></entry>
	      <entry>v<subscript>2</subscript></entry>
	      <entry>v<subscript>1</subscript></entry>
	      <entry>v<subscript>0</subscript></entry>
	    </row>
	    <row>
	      <entry></entry>
	      <entry></entry>
	      <entry></entry>
	      &dash-ent-10;
	      &dash-ent-10;
	      <entry>-</entry>
	      <entry>-</entry>
	      <entry>y<subscript>7</subscript></entry>
	      <entry>y<subscript>6</subscript></entry>
	      <entry>y<subscript>5</subscript></entry>
	      <entry>y<subscript>4</subscript></entry>
	      <entry>y<subscript>3</subscript></entry>
	      <entry>y<subscript>2</subscript></entry>
	      <entry>y<subscript>1</subscript></entry>
	      <entry>y<subscript>0</subscript></entry>
	    </row>
	    <row>
	      <entry></entry>
	      <entry></entry>
	      <entry></entry>
	      &dash-ent-10;
	      &dash-ent-10;
	      <entry>-</entry>
	      <entry>-</entry>
	      <entry>u<subscript>7</subscript></entry>
	      <entry>u<subscript>6</subscript></entry>
	      <entry>u<subscript>5</subscript></entry>
	      <entry>u<subscript>4</subscript></entry>
	      <entry>u<subscript>3</subscript></entry>
	      <entry>u<subscript>2</subscript></entry>
	      <entry>u<subscript>1</subscript></entry>
	      <entry>u<subscript>0</subscript></entry>
	    </row>
	    <row id="V4L2-MBUS-FMT-Y10-1X10">
	      <entry>V4L2_MBUS_FMT_Y10_1X10</entry>
	      <entry>0x200a</entry>
	      <entry></entry>
	      &dash-ent-10;
	      &dash-ent-10;
	      <entry>y<subscript>9</subscript></entry>
	      <entry>y<subscript>8</subscript></entry>
	      <entry>y<subscript>7</subscript></entry>
	      <entry>y<subscript>6</subscript></entry>
	      <entry>y<subscript>5</subscript></entry>
	      <entry>y<subscript>4</subscript></entry>
	      <entry>y<subscript>3</subscript></entry>
	      <entry>y<subscript>2</subscript></entry>
	      <entry>y<subscript>1</subscript></entry>
	      <entry>y<subscript>0</subscript></entry>
	    </row>
	    <row id="V4L2-MBUS-FMT-YUYV10-2X10">
	      <entry>V4L2_MBUS_FMT_YUYV10_2X10</entry>
	      <entry>0x200b</entry>
	      <entry></entry>
	      &dash-ent-10;
	      &dash-ent-10;
	      <entry>y<subscript>9</subscript></entry>
	      <entry>y<subscript>8</subscript></entry>
	      <entry>y<subscript>7</subscript></entry>
	      <entry>y<subscript>6</subscript></entry>
	      <entry>y<subscript>5</subscript></entry>
	      <entry>y<subscript>4</subscript></entry>
	      <entry>y<subscript>3</subscript></entry>
	      <entry>y<subscript>2</subscript></entry>
	      <entry>y<subscript>1</subscript></entry>
	      <entry>y<subscript>0</subscript></entry>
	    </row>
	    <row>
	      <entry></entry>
	      <entry></entry>
	      <entry></entry>
	      &dash-ent-10;
	      &dash-ent-10;
	      <entry>u<subscript>9</subscript></entry>
	      <entry>u<subscript>8</subscript></entry>
	      <entry>u<subscript>7</subscript></entry>
	      <entry>u<subscript>6</subscript></entry>
	      <entry>u<subscript>5</subscript></entry>
	      <entry>u<subscript>4</subscript></entry>
	      <entry>u<subscript>3</subscript></entry>
	      <entry>u<subscript>2</subscript></entry>
	      <entry>u<subscript>1</subscript></entry>
	      <entry>u<subscript>0</subscript></entry>
	    </row>
	    <row>
	      <entry></entry>
	      <entry></entry>
	      <entry></entry>
	      &dash-ent-10;
	      &dash-ent-10;
	      <entry>y<subscript>9</subscript></entry>
	      <entry>y<subscript>8</subscript></entry>
	      <entry>y<subscript>7</subscript></entry>
	      <entry>y<subscript>6</subscript></entry>
	      <entry>y<subscript>5</subscript></entry>
	      <entry>y<subscript>4</subscript></entry>
	      <entry>y<subscript>3</subscript></entry>
	      <entry>y<subscript>2</subscript></entry>
	      <entry>y<subscript>1</subscript></entry>
	      <entry>y<subscript>0</subscript></entry>
	    </row>
	    <row>
	      <entry></entry>
	      <entry></entry>
	      <entry></entry>
	      &dash-ent-10;
	      &dash-ent-10;
	      <entry>v<subscript>9</subscript></entry>
	      <entry>v<subscript>8</subscript></entry>
	      <entry>v<subscript>7</subscript></entry>
	      <entry>v<subscript>6</subscript></entry>
	      <entry>v<subscript>5</subscript></entry>
	      <entry>v<subscript>4</subscript></entry>
	      <entry>v<subscript>3</subscript></entry>
	      <entry>v<subscript>2</subscript></entry>
	      <entry>v<subscript>1</subscript></entry>
	      <entry>v<subscript>0</subscript></entry>
	    </row>
	    <row id="V4L2-MBUS-FMT-YVYU10-2X10">
	      <entry>V4L2_MBUS_FMT_YVYU10_2X10</entry>
	      <entry>0x200c</entry>
	      <entry></entry>
	      &dash-ent-10;
	      &dash-ent-10;
	      <entry>y<subscript>9</subscript></entry>
	      <entry>y<subscript>8</subscript></entry>
	      <entry>y<subscript>7</subscript></entry>
	      <entry>y<subscript>6</subscript></entry>
	      <entry>y<subscript>5</subscript></entry>
	      <entry>y<subscript>4</subscript></entry>
	      <entry>y<subscript>3</subscript></entry>
	      <entry>y<subscript>2</subscript></entry>
	      <entry>y<subscript>1</subscript></entry>
	      <entry>y<subscript>0</subscript></entry>
	    </row>
	    <row>
	      <entry></entry>
	      <entry></entry>
	      <entry></entry>
	      &dash-ent-10;
	      &dash-ent-10;
	      <entry>v<subscript>9</subscript></entry>
	      <entry>v<subscript>8</subscript></entry>
	      <entry>v<subscript>7</subscript></entry>
	      <entry>v<subscript>6</subscript></entry>
	      <entry>v<subscript>5</subscript></entry>
	      <entry>v<subscript>4</subscript></entry>
	      <entry>v<subscript>3</subscript></entry>
	      <entry>v<subscript>2</subscript></entry>
	      <entry>v<subscript>1</subscript></entry>
	      <entry>v<subscript>0</subscript></entry>
	    </row>
	    <row>
	      <entry></entry>
	      <entry></entry>
	      <entry></entry>
	      &dash-ent-10;
	      &dash-ent-10;
	      <entry>y<subscript>9</subscript></entry>
	      <entry>y<subscript>8</subscript></entry>
	      <entry>y<subscript>7</subscript></entry>
	      <entry>y<subscript>6</subscript></entry>
	      <entry>y<subscript>5</subscript></entry>
	      <entry>y<subscript>4</subscript></entry>
	      <entry>y<subscript>3</subscript></entry>
	      <entry>y<subscript>2</subscript></entry>
	      <entry>y<subscript>1</subscript></entry>
	      <entry>y<subscript>0</subscript></entry>
	    </row>
	    <row>
	      <entry></entry>
	      <entry></entry>
	      <entry></entry>
	      &dash-ent-10;
	      &dash-ent-10;
	      <entry>u<subscript>9</subscript></entry>
	      <entry>u<subscript>8</subscript></entry>
	      <entry>u<subscript>7</subscript></entry>
	      <entry>u<subscript>6</subscript></entry>
	      <entry>u<subscript>5</subscript></entry>
	      <entry>u<subscript>4</subscript></entry>
	      <entry>u<subscript>3</subscript></entry>
	      <entry>u<subscript>2</subscript></entry>
	      <entry>u<subscript>1</subscript></entry>
	      <entry>u<subscript>0</subscript></entry>
	    </row>
	    <row id="V4L2-MBUS-FMT-Y12-1X12">
	      <entry>V4L2_MBUS_FMT_Y12_1X12</entry>
	      <entry>0x2013</entry>
	      <entry></entry>
	      &dash-ent-10;
	      <entry>-</entry>
	      <entry>-</entry>
	      <entry>-</entry>
	      <entry>-</entry>
	      <entry>-</entry>
	      <entry>-</entry>
	      <entry>-</entry>
	      <entry>-</entry>
	      <entry>y<subscript>11</subscript></entry>
	      <entry>y<subscript>10</subscript></entry>
	      <entry>y<subscript>9</subscript></entry>
	      <entry>y<subscript>8</subscript></entry>
	      <entry>y<subscript>7</subscript></entry>
	      <entry>y<subscript>6</subscript></entry>
	      <entry>y<subscript>5</subscript></entry>
	      <entry>y<subscript>4</subscript></entry>
	      <entry>y<subscript>3</subscript></entry>
	      <entry>y<subscript>2</subscript></entry>
	      <entry>y<subscript>1</subscript></entry>
	      <entry>y<subscript>0</subscript></entry>
	    </row>
	    <row id="V4L2-MBUS-FMT-UYVY8-1X16">
	      <entry>V4L2_MBUS_FMT_UYVY8_1X16</entry>
	      <entry>0x200f</entry>
	      <entry></entry>
	      &dash-ent-10;
	      <entry>-</entry>
	      <entry>-</entry>
	      <entry>-</entry>
	      <entry>-</entry>
	      <entry>u<subscript>7</subscript></entry>
	      <entry>u<subscript>6</subscript></entry>
	      <entry>u<subscript>5</subscript></entry>
	      <entry>u<subscript>4</subscript></entry>
	      <entry>u<subscript>3</subscript></entry>
	      <entry>u<subscript>2</subscript></entry>
	      <entry>u<subscript>1</subscript></entry>
	      <entry>u<subscript>0</subscript></entry>
	      <entry>y<subscript>7</subscript></entry>
	      <entry>y<subscript>6</subscript></entry>
	      <entry>y<subscript>5</subscript></entry>
	      <entry>y<subscript>4</subscript></entry>
	      <entry>y<subscript>3</subscript></entry>
	      <entry>y<subscript>2</subscript></entry>
	      <entry>y<subscript>1</subscript></entry>
	      <entry>y<subscript>0</subscript></entry>
	    </row>
	    <row>
	      <entry></entry>
	      <entry></entry>
	      <entry></entry>
	      &dash-ent-10;
	      <entry>-</entry>
	      <entry>-</entry>
	      <entry>-</entry>
	      <entry>-</entry>
	      <entry>v<subscript>7</subscript></entry>
	      <entry>v<subscript>6</subscript></entry>
	      <entry>v<subscript>5</subscript></entry>
	      <entry>v<subscript>4</subscript></entry>
	      <entry>v<subscript>3</subscript></entry>
	      <entry>v<subscript>2</subscript></entry>
	      <entry>v<subscript>1</subscript></entry>
	      <entry>v<subscript>0</subscript></entry>
	      <entry>y<subscript>7</subscript></entry>
	      <entry>y<subscript>6</subscript></entry>
	      <entry>y<subscript>5</subscript></entry>
	      <entry>y<subscript>4</subscript></entry>
	      <entry>y<subscript>3</subscript></entry>
	      <entry>y<subscript>2</subscript></entry>
	      <entry>y<subscript>1</subscript></entry>
	      <entry>y<subscript>0</subscript></entry>
	    </row>
	    <row id="V4L2-MBUS-FMT-VYUY8-1X16">
	      <entry>V4L2_MBUS_FMT_VYUY8_1X16</entry>
	      <entry>0x2010</entry>
	      <entry></entry>
	      &dash-ent-10;
	      <entry>-</entry>
	      <entry>-</entry>
	      <entry>-</entry>
	      <entry>-</entry>
	      <entry>v<subscript>7</subscript></entry>
	      <entry>v<subscript>6</subscript></entry>
	      <entry>v<subscript>5</subscript></entry>
	      <entry>v<subscript>4</subscript></entry>
	      <entry>v<subscript>3</subscript></entry>
	      <entry>v<subscript>2</subscript></entry>
	      <entry>v<subscript>1</subscript></entry>
	      <entry>v<subscript>0</subscript></entry>
	      <entry>y<subscript>7</subscript></entry>
	      <entry>y<subscript>6</subscript></entry>
	      <entry>y<subscript>5</subscript></entry>
	      <entry>y<subscript>4</subscript></entry>
	      <entry>y<subscript>3</subscript></entry>
	      <entry>y<subscript>2</subscript></entry>
	      <entry>y<subscript>1</subscript></entry>
	      <entry>y<subscript>0</subscript></entry>
	    </row>
	    <row>
	      <entry></entry>
	      <entry></entry>
	      <entry></entry>
	      &dash-ent-10;
	      <entry>-</entry>
	      <entry>-</entry>
	      <entry>-</entry>
	      <entry>-</entry>
	      <entry>u<subscript>7</subscript></entry>
	      <entry>u<subscript>6</subscript></entry>
	      <entry>u<subscript>5</subscript></entry>
	      <entry>u<subscript>4</subscript></entry>
	      <entry>u<subscript>3</subscript></entry>
	      <entry>u<subscript>2</subscript></entry>
	      <entry>u<subscript>1</subscript></entry>
	      <entry>u<subscript>0</subscript></entry>
	      <entry>y<subscript>7</subscript></entry>
	      <entry>y<subscript>6</subscript></entry>
	      <entry>y<subscript>5</subscript></entry>
	      <entry>y<subscript>4</subscript></entry>
	      <entry>y<subscript>3</subscript></entry>
	      <entry>y<subscript>2</subscript></entry>
	      <entry>y<subscript>1</subscript></entry>
	      <entry>y<subscript>0</subscript></entry>
	    </row>
	    <row id="V4L2-MBUS-FMT-YUYV8-1X16">
	      <entry>V4L2_MBUS_FMT_YUYV8_1X16</entry>
	      <entry>0x2011</entry>
	      <entry></entry>
	      &dash-ent-10;
	      <entry>-</entry>
	      <entry>-</entry>
	      <entry>-</entry>
	      <entry>-</entry>
	      <entry>y<subscript>7</subscript></entry>
	      <entry>y<subscript>6</subscript></entry>
	      <entry>y<subscript>5</subscript></entry>
	      <entry>y<subscript>4</subscript></entry>
	      <entry>y<subscript>3</subscript></entry>
	      <entry>y<subscript>2</subscript></entry>
	      <entry>y<subscript>1</subscript></entry>
	      <entry>y<subscript>0</subscript></entry>
	      <entry>u<subscript>7</subscript></entry>
	      <entry>u<subscript>6</subscript></entry>
	      <entry>u<subscript>5</subscript></entry>
	      <entry>u<subscript>4</subscript></entry>
	      <entry>u<subscript>3</subscript></entry>
	      <entry>u<subscript>2</subscript></entry>
	      <entry>u<subscript>1</subscript></entry>
	      <entry>u<subscript>0</subscript></entry>
	    </row>
	    <row>
	      <entry></entry>
	      <entry></entry>
	      <entry></entry>
	      &dash-ent-10;
	      <entry>-</entry>
	      <entry>-</entry>
	      <entry>-</entry>
	      <entry>-</entry>
	      <entry>y<subscript>7</subscript></entry>
	      <entry>y<subscript>6</subscript></entry>
	      <entry>y<subscript>5</subscript></entry>
	      <entry>y<subscript>4</subscript></entry>
	      <entry>y<subscript>3</subscript></entry>
	      <entry>y<subscript>2</subscript></entry>
	      <entry>y<subscript>1</subscript></entry>
	      <entry>y<subscript>0</subscript></entry>
	      <entry>v<subscript>7</subscript></entry>
	      <entry>v<subscript>6</subscript></entry>
	      <entry>v<subscript>5</subscript></entry>
	      <entry>v<subscript>4</subscript></entry>
	      <entry>v<subscript>3</subscript></entry>
	      <entry>v<subscript>2</subscript></entry>
	      <entry>v<subscript>1</subscript></entry>
	      <entry>v<subscript>0</subscript></entry>
	    </row>
	    <row id="V4L2-MBUS-FMT-YVYU8-1X16">
	      <entry>V4L2_MBUS_FMT_YVYU8_1X16</entry>
	      <entry>0x2012</entry>
	      <entry></entry>
	      &dash-ent-10;
	      <entry>-</entry>
	      <entry>-</entry>
	      <entry>-</entry>
	      <entry>-</entry>
	      <entry>y<subscript>7</subscript></entry>
	      <entry>y<subscript>6</subscript></entry>
	      <entry>y<subscript>5</subscript></entry>
	      <entry>y<subscript>4</subscript></entry>
	      <entry>y<subscript>3</subscript></entry>
	      <entry>y<subscript>2</subscript></entry>
	      <entry>y<subscript>1</subscript></entry>
	      <entry>y<subscript>0</subscript></entry>
	      <entry>v<subscript>7</subscript></entry>
	      <entry>v<subscript>6</subscript></entry>
	      <entry>v<subscript>5</subscript></entry>
	      <entry>v<subscript>4</subscript></entry>
	      <entry>v<subscript>3</subscript></entry>
	      <entry>v<subscript>2</subscript></entry>
	      <entry>v<subscript>1</subscript></entry>
	      <entry>v<subscript>0</subscript></entry>
	    </row>
	    <row>
	      <entry></entry>
	      <entry></entry>
	      <entry></entry>
	      &dash-ent-10;
	      <entry>-</entry>
	      <entry>-</entry>
	      <entry>-</entry>
	      <entry>-</entry>
	      <entry>y<subscript>7</subscript></entry>
	      <entry>y<subscript>6</subscript></entry>
	      <entry>y<subscript>5</subscript></entry>
	      <entry>y<subscript>4</subscript></entry>
	      <entry>y<subscript>3</subscript></entry>
	      <entry>y<subscript>2</subscript></entry>
	      <entry>y<subscript>1</subscript></entry>
	      <entry>y<subscript>0</subscript></entry>
	      <entry>u<subscript>7</subscript></entry>
	      <entry>u<subscript>6</subscript></entry>
	      <entry>u<subscript>5</subscript></entry>
	      <entry>u<subscript>4</subscript></entry>
	      <entry>u<subscript>3</subscript></entry>
	      <entry>u<subscript>2</subscript></entry>
	      <entry>u<subscript>1</subscript></entry>
	      <entry>u<subscript>0</subscript></entry>
	    </row>
	    <row id="V4L2-MBUS-FMT-YDYUYDYV8-1X16">
	      <entry>V4L2_MBUS_FMT_YDYUYDYV8_1X16</entry>
	      <entry>0x2014</entry>
	      <entry></entry>
	      <entry>-</entry>
	      <entry>-</entry>
	      <entry>-</entry>
	      <entry>-</entry>
	      <entry>y<subscript>7</subscript></entry>
	      <entry>y<subscript>6</subscript></entry>
	      <entry>y<subscript>5</subscript></entry>
	      <entry>y<subscript>4</subscript></entry>
	      <entry>y<subscript>3</subscript></entry>
	      <entry>y<subscript>2</subscript></entry>
	      <entry>y<subscript>1</subscript></entry>
	      <entry>y<subscript>0</subscript></entry>
	      <entry>d</entry>
	      <entry>d</entry>
	      <entry>d</entry>
	      <entry>d</entry>
	      <entry>d</entry>
	      <entry>d</entry>
	      <entry>d</entry>
	      <entry>d</entry>
	    </row>
	    <row>
	      <entry></entry>
	      <entry></entry>
	      <entry></entry>
	      <entry>-</entry>
	      <entry>-</entry>
	      <entry>-</entry>
	      <entry>-</entry>
	      <entry>y<subscript>7</subscript></entry>
	      <entry>y<subscript>6</subscript></entry>
	      <entry>y<subscript>5</subscript></entry>
	      <entry>y<subscript>4</subscript></entry>
	      <entry>y<subscript>3</subscript></entry>
	      <entry>y<subscript>2</subscript></entry>
	      <entry>y<subscript>1</subscript></entry>
	      <entry>y<subscript>0</subscript></entry>
	      <entry>u<subscript>7</subscript></entry>
	      <entry>u<subscript>6</subscript></entry>
	      <entry>u<subscript>5</subscript></entry>
	      <entry>u<subscript>4</subscript></entry>
	      <entry>u<subscript>3</subscript></entry>
	      <entry>u<subscript>2</subscript></entry>
	      <entry>u<subscript>1</subscript></entry>
	      <entry>u<subscript>0</subscript></entry>
	    </row>
	    <row>
	      <entry></entry>
	      <entry></entry>
	      <entry></entry>
	      <entry>-</entry>
	      <entry>-</entry>
	      <entry>-</entry>
	      <entry>-</entry>
	      <entry>y<subscript>7</subscript></entry>
	      <entry>y<subscript>6</subscript></entry>
	      <entry>y<subscript>5</subscript></entry>
	      <entry>y<subscript>4</subscript></entry>
	      <entry>y<subscript>3</subscript></entry>
	      <entry>y<subscript>2</subscript></entry>
	      <entry>y<subscript>1</subscript></entry>
	      <entry>y<subscript>0</subscript></entry>
	      <entry>d</entry>
	      <entry>d</entry>
	      <entry>d</entry>
	      <entry>d</entry>
	      <entry>d</entry>
	      <entry>d</entry>
	      <entry>d</entry>
	      <entry>d</entry>
	    </row>
	    <row>
	      <entry></entry>
	      <entry></entry>
	      <entry></entry>
	      <entry>-</entry>
	      <entry>-</entry>
	      <entry>-</entry>
	      <entry>-</entry>
	      <entry>y<subscript>7</subscript></entry>
	      <entry>y<subscript>6</subscript></entry>
	      <entry>y<subscript>5</subscript></entry>
	      <entry>y<subscript>4</subscript></entry>
	      <entry>y<subscript>3</subscript></entry>
	      <entry>y<subscript>2</subscript></entry>
	      <entry>y<subscript>1</subscript></entry>
	      <entry>y<subscript>0</subscript></entry>
	      <entry>v<subscript>7</subscript></entry>
	      <entry>v<subscript>6</subscript></entry>
	      <entry>v<subscript>5</subscript></entry>
	      <entry>v<subscript>4</subscript></entry>
	      <entry>v<subscript>3</subscript></entry>
	      <entry>v<subscript>2</subscript></entry>
	      <entry>v<subscript>1</subscript></entry>
	      <entry>v<subscript>0</subscript></entry>
	    </row>
	    <row id="V4L2-MBUS-FMT-YUYV10-1X20">
	      <entry>V4L2_MBUS_FMT_YUYV10_1X20</entry>
	      <entry>0x200d</entry>
	      <entry></entry>
	      &dash-ent-10;
	      <entry>y<subscript>9</subscript></entry>
	      <entry>y<subscript>8</subscript></entry>
	      <entry>y<subscript>7</subscript></entry>
	      <entry>y<subscript>6</subscript></entry>
	      <entry>y<subscript>5</subscript></entry>
	      <entry>y<subscript>4</subscript></entry>
	      <entry>y<subscript>3</subscript></entry>
	      <entry>y<subscript>2</subscript></entry>
	      <entry>y<subscript>1</subscript></entry>
	      <entry>y<subscript>0</subscript></entry>
	      <entry>u<subscript>9</subscript></entry>
	      <entry>u<subscript>8</subscript></entry>
	      <entry>u<subscript>7</subscript></entry>
	      <entry>u<subscript>6</subscript></entry>
	      <entry>u<subscript>5</subscript></entry>
	      <entry>u<subscript>4</subscript></entry>
	      <entry>u<subscript>3</subscript></entry>
	      <entry>u<subscript>2</subscript></entry>
	      <entry>u<subscript>1</subscript></entry>
	      <entry>u<subscript>0</subscript></entry>
	    </row>
	    <row>
	      <entry></entry>
	      <entry></entry>
	      <entry></entry>
	      &dash-ent-10;
	      <entry>y<subscript>9</subscript></entry>
	      <entry>y<subscript>8</subscript></entry>
	      <entry>y<subscript>7</subscript></entry>
	      <entry>y<subscript>6</subscript></entry>
	      <entry>y<subscript>5</subscript></entry>
	      <entry>y<subscript>4</subscript></entry>
	      <entry>y<subscript>3</subscript></entry>
	      <entry>y<subscript>2</subscript></entry>
	      <entry>y<subscript>1</subscript></entry>
	      <entry>y<subscript>0</subscript></entry>
	      <entry>v<subscript>9</subscript></entry>
	      <entry>v<subscript>8</subscript></entry>
	      <entry>v<subscript>7</subscript></entry>
	      <entry>v<subscript>6</subscript></entry>
	      <entry>v<subscript>5</subscript></entry>
	      <entry>v<subscript>4</subscript></entry>
	      <entry>v<subscript>3</subscript></entry>
	      <entry>v<subscript>2</subscript></entry>
	      <entry>v<subscript>1</subscript></entry>
	      <entry>v<subscript>0</subscript></entry>
	    </row>
	    <row id="V4L2-MBUS-FMT-YVYU10-1X20">
	      <entry>V4L2_MBUS_FMT_YVYU10_1X20</entry>
	      <entry>0x200e</entry>
	      <entry></entry>
	      &dash-ent-10;
	      <entry>y<subscript>9</subscript></entry>
	      <entry>y<subscript>8</subscript></entry>
	      <entry>y<subscript>7</subscript></entry>
	      <entry>y<subscript>6</subscript></entry>
	      <entry>y<subscript>5</subscript></entry>
	      <entry>y<subscript>4</subscript></entry>
	      <entry>y<subscript>3</subscript></entry>
	      <entry>y<subscript>2</subscript></entry>
	      <entry>y<subscript>1</subscript></entry>
	      <entry>y<subscript>0</subscript></entry>
	      <entry>v<subscript>9</subscript></entry>
	      <entry>v<subscript>8</subscript></entry>
	      <entry>v<subscript>7</subscript></entry>
	      <entry>v<subscript>6</subscript></entry>
	      <entry>v<subscript>5</subscript></entry>
	      <entry>v<subscript>4</subscript></entry>
	      <entry>v<subscript>3</subscript></entry>
	      <entry>v<subscript>2</subscript></entry>
	      <entry>v<subscript>1</subscript></entry>
	      <entry>v<subscript>0</subscript></entry>
	    </row>
	    <row>
	      <entry></entry>
	      <entry></entry>
	      <entry></entry>
	      &dash-ent-10;
	      <entry>y<subscript>9</subscript></entry>
	      <entry>y<subscript>8</subscript></entry>
	      <entry>y<subscript>7</subscript></entry>
	      <entry>y<subscript>6</subscript></entry>
	      <entry>y<subscript>5</subscript></entry>
	      <entry>y<subscript>4</subscript></entry>
	      <entry>y<subscript>3</subscript></entry>
	      <entry>y<subscript>2</subscript></entry>
	      <entry>y<subscript>1</subscript></entry>
	      <entry>y<subscript>0</subscript></entry>
	      <entry>u<subscript>9</subscript></entry>
	      <entry>u<subscript>8</subscript></entry>
	      <entry>u<subscript>7</subscript></entry>
	      <entry>u<subscript>6</subscript></entry>
	      <entry>u<subscript>5</subscript></entry>
	      <entry>u<subscript>4</subscript></entry>
	      <entry>u<subscript>3</subscript></entry>
	      <entry>u<subscript>2</subscript></entry>
	      <entry>u<subscript>1</subscript></entry>
	      <entry>u<subscript>0</subscript></entry>
	    </row>
	    <row id="V4L2-MBUS-FMT-YUV10-1X30">
	      <entry>V4L2_MBUS_FMT_YUV10_1X30</entry>
	      <entry>0x2014</entry>
	      <entry></entry>
	      <entry>y<subscript>9</subscript></entry>
	      <entry>y<subscript>8</subscript></entry>
	      <entry>y<subscript>7</subscript></entry>
	      <entry>y<subscript>6</subscript></entry>
	      <entry>y<subscript>5</subscript></entry>
	      <entry>y<subscript>4</subscript></entry>
	      <entry>y<subscript>3</subscript></entry>
	      <entry>y<subscript>2</subscript></entry>
	      <entry>y<subscript>1</subscript></entry>
	      <entry>y<subscript>0</subscript></entry>
	      <entry>u<subscript>9</subscript></entry>
	      <entry>u<subscript>8</subscript></entry>
	      <entry>u<subscript>7</subscript></entry>
	      <entry>u<subscript>6</subscript></entry>
	      <entry>u<subscript>5</subscript></entry>
	      <entry>u<subscript>4</subscript></entry>
	      <entry>u<subscript>3</subscript></entry>
	      <entry>u<subscript>2</subscript></entry>
	      <entry>u<subscript>1</subscript></entry>
	      <entry>u<subscript>0</subscript></entry>
	      <entry>v<subscript>9</subscript></entry>
	      <entry>v<subscript>8</subscript></entry>
	      <entry>v<subscript>7</subscript></entry>
	      <entry>v<subscript>6</subscript></entry>
	      <entry>v<subscript>5</subscript></entry>
	      <entry>v<subscript>4</subscript></entry>
	      <entry>v<subscript>3</subscript></entry>
	      <entry>v<subscript>2</subscript></entry>
	      <entry>v<subscript>1</subscript></entry>
	      <entry>v<subscript>0</subscript></entry>
	    </row>
	  </tbody>
	</tgroup>
      </table>
    </section>

    <section>
      <title>JPEG Compressed Formats</title>

      <para>Those data formats consist of an ordered sequence of 8-bit bytes
	obtained from JPEG compression process. Additionally to the
	<constant>_JPEG</constant> postfix the format code is made of
	the following information.
	<itemizedlist>
	  <listitem><para>The number of bus samples per entropy encoded byte.</para></listitem>
	  <listitem><para>The bus width.</para></listitem>
	</itemizedlist>
      </para>

      <para>For instance, for a JPEG baseline process and an 8-bit bus width
        the format will be named <constant>V4L2_MBUS_FMT_JPEG_1X8</constant>.
      </para>

      <para>The following table lists existing JPEG compressed formats.</para>

      <table pgwide="0" frame="none" id="v4l2-mbus-pixelcode-jpeg">
	<title>JPEG Formats</title>
	<tgroup cols="3">
	  <colspec colname="id" align="left" />
	  <colspec colname="code" align="left"/>
	  <colspec colname="remarks" align="left"/>
	  <thead>
	    <row>
	      <entry>Identifier</entry>
	      <entry>Code</entry>
	      <entry>Remarks</entry>
	    </row>
	  </thead>
	  <tbody valign="top">
	    <row id="V4L2-MBUS-FMT-JPEG-1X8">
	      <entry>V4L2_MBUS_FMT_JPEG_1X8</entry>
	      <entry>0x4001</entry>
	      <entry>Besides of its usage for the parallel bus this format is
		recommended for transmission of JPEG data over MIPI CSI bus
		using the User Defined 8-bit Data types.
	      </entry>
	    </row>
	  </tbody>
	</tgroup>
      </table>
    </section>

    <section id="v4l2-mbus-vendor-spec-fmts">
      <title>Vendor and Device Specific Formats</title>

      <note>
	<title>Experimental</title>
	<para>This is an <link linkend="experimental">experimental</link>
interface and may change in the future.</para>
      </note>

      <para>This section lists complex data formats that are either vendor or
	device specific.
      </para>

      <para>The following table lists the existing vendor and device specific
	formats.</para>

      <table pgwide="0" frame="none" id="v4l2-mbus-pixelcode-vendor-specific">
	<title>Vendor and device specific formats</title>
	<tgroup cols="3">
	  <colspec colname="id" align="left" />
	  <colspec colname="code" align="left"/>
	  <colspec colname="remarks" align="left"/>
	  <thead>
	    <row>
	      <entry>Identifier</entry>
	      <entry>Code</entry>
	      <entry>Comments</entry>
	    </row>
	  </thead>
	  <tbody valign="top">
	    <row id="V4L2-MBUS-FMT-S5C-UYVY-JPEG-1X8">
	      <entry>V4L2_MBUS_FMT_S5C_UYVY_JPEG_1X8</entry>
	      <entry>0x5001</entry>
	      <entry>
		Interleaved raw UYVY and JPEG image format with embedded
		meta-data used by Samsung S3C73MX camera sensors.
	      </entry>
	    </row>
	  </tbody>
	</tgroup>
      </table>
    </section>

  </section>
</section>
